Nome_Prestador;CNPJ;Contato;Email;Telefone;Observacoes
.LINK DO MATERIAL ENVIADO POR EMAIL;;;;;
01 ROLO DE 50M;;;;;
01 STEAMER ATENCAO  EQUIPAMENTO 110V;;;;;
06 CADEIRAS COM RODIZIO MODELO PADRAO QUE UTILIZAMOS NO ADM DA NOSSA FABRICA;;;;;
1;;;;;
113;;;;;
18;;;;;
2023/535;;;;;
2700;;;;;
2801;;;;;
3927,78;;;;;
403090000;;;;;
640;;;;;
6652,8;;;;;
670;;;;;
7700;;;;;
A CAFETEIRA E O MESMO MODELO DO PROJETO COFFEE;;;;;
A LISTA COM OS MATERIAIS A SEREM COMPRADOS FOI ENVIADA PELO EMAIL;;;;;
A MAC MAQUINAS DE COSTURA LTDA;;;;;
A NF FOI PAGA ANTECIPADAMENTE;;;;;
ABINEVALDO DOS SANTOS MORAIS;;;;;
ABRAHAO & ABRAHAO TRANSPORTE LTDA;;;;;
ABRAHAO & ABRAHAO TRANSPORTES LTDA;;;;;
ABU DHABI;;;;;
ADAPTACAO DO ARMARIO PARA IMPRESSORA;;;;;
ADEQUACAO DO REGISTRO DE AGUA;;;;;
ADESIVO IDENTIFICADOR DE VOLTAGEM DE TOMADA;;;;;
AEA DISTRIBUIDORA DE MATERIAIS ELETRICOS LTDA;;;;;
AEROTINTAS COMERCIAL LTDA;;;;;
AGNALDO PAULA CAMPOS;;;;;
AJUSTE DA PINTURA DO TETO DO MEZANINO E PINTURA DAS PAREDES DA ESCADA;;;;;
AJUSTE DO CONTRATO EMIVE;;;;;
ALDO RIBEIRO DE ALMEIDA;;;;;
ALEXANDRA GARICA DE CAMPOS;;;;;
ALEXSANDRO DE SENA BORGES;;;;;
ALLEGRO CONFECCAO DE CAPAS PARA SOFA;;;;;
ALVARO F TEXEIRA LTDA;;;;;
AMOOBJETO DESENVOLVIMENTO DE MOVEIS E OBJETOS LTDA;;;;;
ANALISE CONDICOES GERAIS;;;;;
ANALISE DA CALDEIRA;;;;;
ANALISE DO DEPARTAMENTO JURIDICO REFERENTE O  CAIXA DE LUZ RETRO ILUMINADA;;;;;
ANALSIE DO ORCAMENTO;;;;;
ANDAMENTO DO PEDIDO POR EMAIL;;;;;
ANDAMENTO POR EMAIL;;;;;
ANDERSON PEREIRA DA SILVA;;;;;
ANUT DE AR CONDICIONADO;;;;;
APLICACAO DE FAIXA DE SEGURANCA NO VIDRO DA LOJA;;;;;
AQUISICAO DA CENTRAL DE ALARME E AMPLIFICADOR DE SINAL;;;;;
ARMARIO COM 10 ESPACOS;;;;;
ARMAZEM PALUDETTO;;;;;
ARSAFE CLIMATIZACAO E QUALIDADE DO AR LTDA;;;;;
ASSIM COMO PLANILHA DE SERVICOS ADICIONAIS RESPECTIVA PARA PROGRAMACAO DOS;;;;;
ATENCAO COMPRAR SEGUINDO O LINK;;;;;
ATENCAO COMPRAR SEGUINDO O MODELO ENVIADO POR EMAIL EXTREMA URGENCIA;;;;;
ATENCAO PROVIDENCIAR 3 ORCAMENTOS;;;;;
ATENDER O CHAMADO DO TRILOGO;;;;;
ATENDER O CHAMADO NO TRILOGO E REPOR ESTOQUE;;;;;
ATIC TECNOLOGIA DO BRASIL;;;;;
ATLANTA MATERIAIS PARA CONSTRUCAO;;;;;
ATUALIZACAO DO PROJETO E ENTRADA DE DOCUMENTACAO JUNTO AO CORPO AVCB;;;;;
B E P COMERCIO DE EXTINTORES LTDA;;;;;
BACTERICIDA DE AR CONDICIONADO;;;;;
BALCAO DE VALET P/ ESTACIONAMENTO;;;;;
BANQUETA PARA O MATARAZZO;;;;;
BB COMERCIO E DECORACOES LTDA;;;;;
BB TRANDING COMERCIO LTDA;;;;;
BELING MATERIAIS ELETRICOS LTDA;;;;;
C.L.R ENTULHOS LTDA;;;;;
CADEIRA PARA ATENDER O CHAMADO DO TRILOGO;;;;;
CADEIRA PARA COSTUREIRA;;;;;
CARLOS ANDRE FERREIRA DA SILVA;;;;;
CARLOS EDUARDO DO NASCIMENTO COSTA;;;;;
CARPETE PARA  O MORUMBI;;;;;
CASA DE COUROS ROMEU LTDA;;;;;
CASA DO JARDIM E JARDINAGEM LTDA;;;;;
CHAVE ALLEN E LUMINARIA DE EMERGENCIA PARA O PHG;;;;;
CHINELLATO FIBRAS EXCLUSIVAS LTDA;;;;;
CLAMOM INDUSTRIA DE MOVEIS LTDA;;;;;
CLAMON INDUSTRIA DE MOVEIS LTDA;;;;;
CLAMON INSDUSTRIA DE MOVEIS LTDA;;;;;
CLEISSON CASSIANO CRUZ;;;;;
CLIMATIZADOR DE AR COMERCIAL;;;;;
CLIMATIZADORES PARA CAMISARIA;;;;;
COBRANCA MENSAL;;;;;
COLABORADOR;;;;;
COLABORADOR GREGORIO;;;;;
COLETA DE AGUA DA CALDEIRA PARA ANALISE;;;;;
COMERCIAL DE FERRAGENS E FERRAMENTAS PRATES LTDA;;;;;
COMERCIO MAQUINAS DE COSTURA FERREIRA LTDA;;;;;
COMPRA;;;;;
COMPRA 10 LUMINARIAS PARA ATENDER CHAMADO DO TRILOGO.;;;;;
COMPRA ASPIRADOR DE PO E AGUA REFERENTE AO CHAMADO TRILOGO;;;;;
COMPRA BANQUETAS PARA ESTOQUE PARA ATENDER AS DEMANDAS DAS LOJAS;;;;;
COMPRA D EPILHA BATERIA;;;;;
COMPRA DE 01 ESCADA DE 5 DEGRAUS PARA NOSSA LOJA EM RIBEIRAO PRETO.;;;;;
COMPRA DE 03 VENTILADOR REFERENTE AO CHAMADO TRILOGO/ESTOQUE.;;;;;
COMPRA DE 04 EXPOSITOR PARA CAMISARIA.;;;;;
COMPRA DE 1 CARRINHO DOBRAVEL PARA OS MENINOS DA MANUTENCAO.;;;;;
COMPRA DE 1 FILTRO DE LINHA 8 TOMADAS PARA IGUATEMI BRASILIA.;;;;;
COMPRA DE 1 MULTIMETRO PARA O NOSSO NOVO ELETRICISTA.;;;;;
COMPRA DE 1 PELICULA JATEADA.;;;;;
COMPRA DE 10 BANQUETAS DE CAIXA PARA COBRIR O ESTOQUE.;;;;;
COMPRA DE 10 MINI DOBRADICAS PARA O ATENDIMENTO AO CHAMADO TRILOGO.;;;;;
COMPRA DE 11 PRATELEIRAS L3 PARA O VILLAGE.;;;;;
COMPRA DE 150 SOQUETE GU10 DE PORCELANA;;;;;
COMPRA DE 16 ACRILICOS DE PROTECAO PARA AS LUMINARIAS.;;;;;
COMPRA DE 2 AQUECEDORES INDIVIDUAL INOX CARDAL;;;;;
COMPRA DE 2 AR CONDICIONADO PARA SALA DE REUNIAO 01 E SALA DO COMERCIAL.;;;;;
COMPRA DE 2 LAMPADAS PARA BRASILIA IGUATEMI.;;;;;
COMPRA DE 2 ROLOS DE ESCOVA DE VEDACAO.;;;;;
COMPRA DE 20 LUMINARIAS PARA REPOSICAO DAS LUMINARIAS QUE ESTAO SEM FUNCIONAR.;;;;;
COMPRA DE 24 BINS, SOLICITADO POR CHAMADO NO TRILOGO.;;;;;
COMPRA DE 3 BARRAS DE METALON 50X30 PARA DIXACAO DO BINS PHG.;;;;;
COMPRA DE 3 CAMERAS PARA ACOMPANHAR OBRA, A PEDIDO DO ALBERTO.;;;;;
COMPRA DE 3 VENTILADORES REFERENTE AO CHAMADO TRILOGO/ESTOQUE.;;;;;
COMPRA DE 30 SUPORTE MAO FRANCESA, CHAMADO TRILOGO EXPEDICAO.;;;;;
COMPRA DE 35 LAMPADAS + SOQUETE PARA O VILLAGE.;;;;;
COMPRA DE 36 BINS PARA LOJA EM RECIFE;;;;;
COMPRA DE 4 BANQUETAS DEVIDO AO CHAMADO DO TRILOGO.;;;;;
COMPRA DE 4 CAMERAS PARA O MONITORAMENTO DE OBRAS.;;;;;
COMPRA DE 5 APOIO DE PES ERGONOMICO DEVIDO AO CHAMADO TRILOGO.;;;;;
COMPRA DE 5 CONECTORES DE ALIMENTACAO ENTRE PLACAS.;;;;;
COMPRA DE 5 DETECTORES DE FUMACA OTICO ENDERECAVEL.;;;;;
COMPRA DE 6 PAINEL DE LED EMBUTIR REFERENTE AO CHAMADO E ESTOQUE.;;;;;
COMPRA DE 6 PROTETOR DE QUINA PARA IGUATEMI SP CHAMADO TRILIGO.;;;;;
COMPRA DE 6 SONOFF PARA AUTOMACAO DO BACKLIGHT.;;;;;
COMPRA DE 7 IMPERMEABILIZANTES PARA TECIDO.;;;;;
COMPRA DE ADESIVOS PARA DEMANDA DO MARKETING;;;;;
COMPRA DE AGUA DESMINERALIZADA;;;;;
COMPRA DE AR CONDICIONADO;;;;;
COMPRA DE ASPIRADOR PARA CAMPINAS;;;;;
COMPRA DE ASPIRADOR PARA SALVADOR;;;;;
COMPRA DE BANCOS PLASTICOS PARA USO DA EQUIPE;;;;;
COMPRA DE BUCHA GESSO COM PARAFUSO PARA OBRAS SALA DO TI E GC;;;;;
COMPRA DE CABO PP;;;;;
COMPRA DE CADEIRA DE ESCRITORIO;;;;;
COMPRA DE CADEIRA E BANQUETAS PARA O BRAVISSIMA;;;;;
COMPRA DE CADEIRA PARA FABRICA;;;;;
COMPRA DE CADEIRA PARA O TAX;;;;;
COMPRA DE CADEIRA PARA SALA DA SUSANA;;;;;
COMPRA DE CANTONEIRA EM EVA;;;;;
COMPRA DE CARPETE PARA RECIFE;;;;;
COMPRA DE CESTO PARA GUARDAR OS  PLASTICOS ESPALHADOS PELO ESTOQUE;;;;;
COMPRA DE CONECTOR DE ARARA PARA O PHG;;;;;
COMPRA DE CONTROLE REMOTO PARA O PORTAO;;;;;
COMPRA DE DEFLETOR PARA AR CONDICIONADO;;;;;
COMPRA DE DESENTUPIDOR MANUAL TUFAO DE 10M.;;;;;
COMPRA DE DISCO PARA CORTAR VIDRO;;;;;
COMPRA DE FITA LED REFERENTE AO CHAMADO TRILOGO;;;;;
COMPRA DE FOGAO PARA O LAGO SUL;;;;;
COMPRA DE GAVETEIROS PARA SALA DO GC;;;;;
COMPRA DE LAMPADA LED PARA O LAGO SUL;;;;;
COMPRA DE LAMPADAS RIBEIRAO;;;;;
COMPRA DE LIXADEIRA;;;;;
COMPRA DE LONAS ADESIVAS;;;;;
COMPRA DE LUMINARIA;;;;;
COMPRA DE MATERIAIS;;;;;
COMPRA DE MATERIAIS PARA A ADEQUACAO DO QUADRO ELETRICO;;;;;
COMPRA DE MATERIAIS PARA A CONTINUIDADE NA ADEQUACAO DOS QUADROS DE ENERGIA;;;;;
COMPRA DE MATERIAIS PARA A CONTINUIDADE NA OBRA DE ADEQUACAO DOS QUADROS;;;;;
COMPRA DE MATERIAIS PARA A LOJA PHG;;;;;
COMPRA DE MATERIAIS PARA A OBRA DA SALA DE TI;;;;;
COMPRA DE MATERIAIS PARA A OBRA DO G&C;;;;;
COMPRA DE MATERIAIS PARA ADEQUACAO DOS QUADROS DE ENERGIA;;;;;
COMPRA DE MATERIAIS PARA AMPLIACAO DA AREA DE PRODUCAO CAMISARIA;;;;;
COMPRA DE MATERIAIS PARA CONTINUIDADE NA OBRA ADEQUACAO DOS QUADROS DE ENERGIA;;;;;
COMPRA DE MATERIAIS PARA ELETRICA NA SALA DE REUNIAO (FUMODROMO).;;;;;
COMPRA DE MATERIAIS PARA MANUTENCAO;;;;;
COMPRA DE MATERIAIS PARA O PROJETO CATRACAS, CAMISARIA.;;;;;
COMPRA DE MATERIAIS PARA OBRA DA SALA DE TI;;;;;
COMPRA DE MATERIAIS PARA OBRA DE ADEQUACAO DOS QUADROS DE ENERGIA DO PREDIO;;;;;
COMPRA DE MATERIAIS PARA OBRA DO TELHADO DO CORREDOR CENTRAL;;;;;
COMPRA DE MATERIAIS PARA OBRA NA CASA DO FERNANDO;;;;;
COMPRA DE MATERIAIS PARA OBRA SALA EXPEDICAO E QUALIDADE;;;;;
COMPRA DE MATERIAIS PRA A CONTINUIDADE NA OBRA DE ADEQUACAO DOS QUADROS DE;;;;;
COMPRA DE MATERIAL, LANTERNA LED COB;;;;;
COMPRA DE MESAS E CADEIRAS PARA BRASILIA;;;;;
COMPRA DE NIVEL LASER;;;;;
COMPRA DE PELICULA PARA O MATARAZZO;;;;;
COMPRA DE PLACAS DE SINALIZACAO DE ALUMINIO;;;;;
COMPRA DE SENSOR DE NIVEL PARA A CAIXA DA AGUA;;;;;
COMPRA DE SOFA A PEDIDO DO NELSINHO;;;;;
COMPRA DE TAMPAS PARA LATA DE TINTAS;;;;;
COMPRA DE TAPETE DE VINIL PARA O BELA CIINTRA;;;;;
COMPRA DE TINTAS PARA A MUDANCA LAYOUT SHOWROOM;;;;;
COMPRA DE TINTAS PARA PINTURA DO APARTAMENTO;;;;;
COMPRA DE TINTAS PARA PINTURA INTERNA E CORREDORES ADM DA FABRICA;;;;;
COMPRA DE TORNEIRAS PARA CAMISARIA DEVIDO AO CHAMADO DO TRILOGO;;;;;
COMPRA DE TV PARA SALA DO ALBERTO;;;;;
COMPRA DE TVS CONFORME CONVERSADO COM O NELSINHO;;;;;
COMPRA DE UM AR;;;;;
COMPRA DE UM AR CONDICIONADO PARA GUARTIA;;;;;
COMPRA DE UM ARMARIO PARA ARQUIVO DE DOCUMENTO;;;;;
COMPRA DE UM ARMARIO PARA CELULAR COM 10 NICHOS.;;;;;
COMPRA DE UM ASPIRADOR DE PO E UM EXTENSOR;;;;;
COMPRA DE UM ASPIRADOR DE PO PARA O PHG;;;;;
COMPRA DE UM ASPIRADOR PARA O PATIO BATEL;;;;;
COMPRA DE UM ASPIRADOR PARA O VILLAGE;;;;;
COMPRA DE UM BEBEDOURO PARA O VILLAGE MALL;;;;;
COMPRA DE UM CABO TIPO C A PEDIDO DO ALBERTO;;;;;
COMPRA DE UM CARRINHO DOBRAVEL PARA OS MENINOS DA MANUTENCAO;;;;;
COMPRA DE UM CONTROLE DE ALARME PARA A LOJA BELVEDERE;;;;;
COMPRA DE UM FERRO DE PASSAR PARA A LOJA DE RIBEIRAO PRETO;;;;;
COMPRA DE UM FERRO INDUSTRIAL PARA IG FORTALEZA;;;;;
COMPRA DE UM FERRO INDUSTRIAL PARA O RIOMAR FORTALEZA;;;;;
COMPRA DE UM FERRO INDUSTRIAL PARA RECIFE;;;;;
COMPRA DE UM INTERCOMUNICADOR PARA GUARITA;;;;;
COMPRA DE UM MARMITEIRO PARA CAMISARIA;;;;;
COMPRA DE UM MICROONDAS PARA BELVEDERE;;;;;
COMPRA DE UM MICROONDAS PARA CAMPINAS;;;;;
COMPRA DE UM MICROONDAS PARA O VILLAGE;;;;;
COMPRA DE UM MURAL MAGNETICO PARA O PHG;;;;;
COMPRA DE UM RALO PARA O BELVEDERE;;;;;
COMPRA DE UM STEAMER PARA RIBEIRAO;;;;;
COMPRA DE UM TERMOMETRO PARA O PHG;;;;;
COMPRA DE UMA ARARA PARA O IGUATEMI SP;;;;;
COMPRA DE UMA ARARA PARA O VILLAGE;;;;;
COMPRA DE UMA CHAVE HIDRAULICA PARA OS MENINOS DA MANUTENCAO;;;;;
COMPRA DE UMA ESCADA A PEIDDO DO ALBERTO;;;;;
COMPRA DE UMA ESCADA DE 3 DEGRAUS PARA O PHG.;;;;;
COMPRA DE UMA FEHCADURA PAR O IGUATEMI FORTALEZA;;;;;
COMPRA DE UMA LIXEIRA DE RODINHA PARA RECIFE;;;;;
COMPRA DE UMA PARAFUSADEIRA PARA OS MENINOS DA MANUTENCAO;;;;;
COMPRA DE VALVULA ESFERA PARA MANUTENCAO DO SISTEMA;;;;;
COMPRA DE VENEZIANAS (OBRA ESCADA DE EMERGENCIA);;;;;
COMPRA DO EXPOSITOR PARA TECIDOS, CAMISARIA;;;;;
COMPRA DOS MATERIAIS PARA OS MENINOS DA MANUTENCAO;;;;;
COMPRA FERRO DE PASSAR PARA A LOJA DE SALVADOR,;;;;;
COMPRA JA EFETUADA;;;;;
COMPRA JA REALZIADA;;;;;
COMPRA MATERIAS PARA O PROJETO CATRACAS, FABRICA.;;;;;
COMPRA PARA REFORMA DO PRODUTO;;;;;
COMPRA PARTICULAR DO RICARDO;;;;;
COMPRA PLACAS DE SINALIZACAO PHG;;;;;
COMPRA PORTA DE CORRER SOB MEDIDA PARA SALA DO G&C;;;;;
COMPRA REFERENTE AOS MATERIAIS PARA OBRA PHG;;;;;
COMPRA REFERENTE AOS MATERIAIS UTILIZADOS PARA A OBRA;;;;;
COMPRA REFERENTE AS BANQUETAS;;;;;
COMPRA SALA DO COMERCIAL;;;;;
COMPRA SOLICITADA PELO NELSINHO;;;;;
COMPRA TV PARA SALA DO G&C(OBRA).;;;;;
COMPRA TVS BRAVISSIMA;;;;;
COMPRA TVS PARA BRAVISSIMA;;;;;
COMPRA VENTILADOR DE TETO;;;;;
COMPRA: 5 DRIVER, UM PARA OUTLET OS OUTROS PARA ESTOQUE.;;;;;
COMPRA: MATERIAL SOLICITADO PELO TRILOGO.;;;;;
COMPRA: PECAS PARA MANUTENCAO DO AR;;;;;
COMPRA: PERFIL DE ILUMINACAO COM SENSOR DE PRENSENCA.;;;;;
COMPRA: TABUA DE PASSAR DEVIDO AO CHAMADO NO TRILOGO.;;;;;
COMPRADO NF 1760;;;;;
COMPRADO PELO  ALBERTO;;;;;
COMPRAR NA COR BRANCA;;;;;
COMPRAR NO LINK ENVIADO POR E;;;;;
COMPRAR NO LINK ENVIADO POR EMAIL;;;;;
COMPRAR OS ITENS DE ACORDO COM OS MODELOS DO EMAIL;;;;;
COMPRE DE UM COMPRESSOR SOLICITADA PLO NELSINHO;;;;;
CONECTA SOLUCOES;;;;;
CONSERTO DOS APOIS DE TV;;;;;
CONSERTO FERRO DE PASSAR  E FIXACAO DE BACKLIGHT;;;;;
CONTRATO;;;;;
CONTRATO ATENUA SOM;;;;;
CONTRATO DE INSTALACAO;;;;;
CONTRATO DE MANUTENCAO DO AR CONDICIONADO DO PHG;;;;;
CONTRATO DO ODORIZADOR;;;;;
CONTRATO DO ODORIZADOR DA MATARAZZO;;;;;
CONTRATO DO PONTO DE HIDRANTE;;;;;
CONTRATO FORNECIMENTO E INSTALACAO DE ESPELHOS;;;;;
CONTRATO LED WAVE;;;;;
CONTRATO MANOEL;;;;;
CONTRATO VIACELLI;;;;;
CONTROL AIR ENGENHARIA LTDA;;;;;
COSTA PROJETOS E CONSTRUCOES LTDA;;;;;
CVP CONSTRUTORA LTDA;;;;;
DADOS DA EMPRESA PARA REAZLIAR A COMPRA ENVIADO NO EMAIL;;;;;
DAIANA DA SILVA PEREIRA;;;;;
DANFE NF 1118 O MATERIAL JA FOI ENTREGUE;;;;;
DANFE NF 128883 O MATERIAL JA FOI ENTREGUE;;;;;
DANFE NF 15810 O MATERIAL JA FOI ENTREGUE NA LOJA;;;;;
DANFE NF 3183 MATERIAL AGUARDANDO A ENTREGA;;;;;
DANFE NF 39558 O MATERIAL JA FOI ENTREGUE;;;;;
DANFE NF 413 O MATERIAL JA FOI ENTREGUE;;;;;
DANFE NF 4564 O MATERIAL JA FOI ENTREGUE;;;;;
DANFE NF 50654 O MATERIAL JA FOI ENTREGUE;;;;;
DANFE NF 5417 MATERIAL JA FOI ENTREGUE NA OBRA DO GALPAO;;;;;
DANFE NF 5418 O MATERIAL JA FOI ENTREGUE;;;;;
DANFE NF 5467 O MATERIAL JA FOI ENTREGUE;;;;;
DANFE NF 696 O MATERIAL JA FOI ENTREGUE;;;;;
DANFE NF 69857 OS MATERIAIS JA FORAM ENTREGUES NA CIDADE MATARAZZO;;;;;
DANFE NF 816 O MATERIAL JA FOI ENTREGUE;;;;;
DAR ANDAMENTO NA COMPRA APARTIR DO ORCAMENTO ENVIADO POR EMAIL;;;;;
DATA DE ENTREGA 05/04;;;;;
DATALES DO MODELO ENVIADO NO EMAIL;;;;;
DAVID DA SILVA OLIVEIRA;;;;;
DD COOPER DEDTIZADORA LTDA;;;;;
DEDETIZACAO DO LAGO SUL;;;;;
DESCRICAO DA COR E VOLTAGEM ENVIADO POR E;;;;;
DESCRICAO DO PRODUTO ENVIADO POR E;;;;;
DESCRICAO DOS MATERIAIS ENVIADA POR EMAIL;;;;;
DESCRICAO E MODELO DA CADEIRA ENVIADO POR EMAIL;;;;;
DESCRICAO ENVIADA POR EMAIL;;;;;
DESMONTAGEM DA ESTRUTURA METALICA DA CAIXA D AGUA;;;;;
DETALHES DO PRODUTO ENVIADO POR E;;;;;
DETALHES DOS MATERIAIS ENVIADO POR E;;;;;
DIARCO IND E COMERCIO LTDA;;;;;
DIARCO IND E COMEX LTDA;;;;;
DIEGO ESTA CUIDANDO DESSA COMPRA, PAGAMENTO SERA REALIZADO AMANHA 04/10/2023.;;;;;
DO PORTAO E REMOCAO DE GRADIL;;;;;
DOURIVALDO BERNADINHO DE ARAUJO;;;;;
DOURIVALDO BERNARDINO DE ARAUJO;;;;;
DUPLICAR A ULTIMA COMPRA;;;;;
E OBRA DO G&C;;;;;
E.M. GESSO E COM. DE MATERIAIS;;;;;
EDSON MOTA DOS REIS;;;;;
EDVALDO PEREIRA DE MOURA;;;;;
EFERENTE A SUBSTITUICAO DA CAIXA DE ILUMINACAO DOS LOGOS;;;;;
EFETUAR A COMPRA DE 3 BOTIJAS DE 11KG ENVIADO POR EMAIL;;;;;
EFETUAR A COMPRA DO PEDIDO EM ANEXO NO EMIAL;;;;;
EFFORT SOLUTION LTDA;;;;;
EKI PLAST;;;;;
ELA FICOU DE COMPRAR MAS SAIU DE FERIAS E POR ISSO ESTOU SOLICITANDO;;;;;
ELABORACAO DA PMOC E ART;;;;;
ELABORACAO DE CONTRATO DE LIMPEZA DO BELVEDERE;;;;;
ELABORACAO DE CONTRATO DE LIMPEZA PARA BH SHOPPING;;;;;
ELABORACAO DE CONTRATO DE MARCENARIA PARA AOBRA PHG;;;;;
ELABORACAO DO MOBILIARIO DA SALA DO MKT;;;;;
ELETRO ALTIMAS LTDA;;;;;
ELVIS JACINTO BARRETO;;;;;
EMAIL;;;;;
EMPRESA ORNARE;;;;;
ENVELOPAMENTO DA PORTA DE RIBEIRSAO;;;;;
ENVIADO POR EMAIL;;;;;
ENVIADO POR EMAIL ATENCAO CAPSULA NESPRESSO PARA RECEPCAO;;;;;
ERGI TINTASCOMERCIAL LTDA;;;;;
ESCADA ARTICULADA;;;;;
ESPECIFICACOES DO PRODUTO ENVIADO POR E;;;;;
ESPECIFICACOES E LINK ENVIADOS POR EMAIL;;;;;
ESPECIFICACOES ENVIADO POR EMAIL;;;;;
ESPECIFICACOES POR EMAIL;;;;;
ESTES INSUMOS E PARA ATENDER A UMA SOLICITACAO DA EDILMA GENTE E CULTURA;;;;;
EUGENIO BRAGA DE CARVALHO;;;;;
EVELIN COUROS EIRELLI;;;;;
EXPEDICAO E GUARITA;;;;;
EXTINTORES PHG;;;;;
EXTREMA URGENCIA AR CONDICIONADO DESLIGADO;;;;;
FABRICACAO E INSTAL;;;;;
FACHADA DA LOJA PHG;;;;;
FACILITIES;;;;;
FAVOR COMPRAR NO LINK ENVIADO POR EMAIL;;;;;
FAVOR EFETUAR A COMPRA ATRAVES DO LINK ENVIADO POR EMAIL;;;;;
FAVOR PROVIDENCIAR A COMPRA DO MODELO PADRAO;;;;;
FAVOR REALIIZAR A COMPRA SEGUINDO A DESCRICAO ENVIADA POR EMAIL;;;;;
FAVOR SEGUI O LINK DO MATERIAL ENVIADO POR E;;;;;
FAVOR SEGUIR A COMPRA DO MODELO ENVIADO POR EMAIL;;;;;
FAVOR SEGUIR A DESCRICAO DO EMAIL;;;;;
FAVOR SEGUIR A DESCRICAO DO EMAIL PARA REALIZAR A COMPRA;;;;;
FAVOR SEGUIR A DESCRICAO ENVIADA POR EMAIL;;;;;
FAVOR SEGUIR A DESCRICAO ENVIADO POR EMAIL;;;;;
FAVOR SEGUIR AS MEDIDAS QUE FORAM SOLICITADAS NO EMAIL;;;;;
FAVOR SEGUIR ESPECIFICACOES ENVIADA POR EMAIL;;;;;
FAVOR SEGUIR MODELO ENVIADO NO EMAIL;;;;;
FAVOR SEGUIR MODELOS ENVIADO POR EMAIL O PURIFICADOR EU ESTOU DANDO ANDAMENTO;;;;;
FAVOR SEGUIR O LINK DO MATERIAL ENVIADO POR E;;;;;
FAVOR SEGUIR O LINK DO MATERIAL ENVIADO POR EMAIL;;;;;
FAVOR SEGUIR O LINK DO MATERIAL SOLICITADO;;;;;
FAVOR SEGUIR O LINK DOS MATERIAIS ENVIADOS POR E;;;;;
FAVOR SEGUIR O LINK ENVIADO POR E;;;;;
FAVOR SEGUIR O LINK ENVIADO POR EMAIL;;;;;
FAVOR SEGUIR O MEDELO ENVIADO POR EMAIL;;;;;
FAVOR SEGUIR O MESMO MODELO QUE JA USAMOS EM TODAS AS NOSSAS LOJAS;;;;;
FAVOR SEGUIR O MODELO DOS LINKS ENVIADOS POR E;;;;;
FAVOR SEGUIR O MODELO ENVIADO POR E;;;;;
FAVOR SEGUIR O MODELO ENVIADO POR EMAIL;;;;;
FAVOR SEGUIR OS LINKS DOS MATERIAIS ENVIADS POR EMAIL;;;;;
FAVOR SEGUIR OS LINKS ENVIADO POR EMAIL;;;;;
FAVOR SEGUIR OS LINKS ENVIADOS POR E;;;;;
FAVOR SEGUIR OS LINKS ENVIADOS POR EMAIL;;;;;
FERNANDO FELIPE RODRIGUES JUNIOR;;;;;
FERNANDO PINHEIRO;;;;;
FERRO DE PASSAR PARA SUPORTE NA ALFAIATARIA;;;;;
FITA ANTIDERRAPANTE;;;;;
FMORENO DESENVOLVIMENTO TECNICO CORPORATIVO LTDA;;;;;
FMORENO PROJETOS E CONSULTORIA;;;;;
FOI SOLICITADA UMA NOCA REQUSIICA POR CONTA DO SKU. ESPECIFICACAO NO E;;;;;
FORNECIMENTO E INSTALACAO DO FORRO TENCIONADO;;;;;
FOTO DO PRODUTO ENVIADO POR E;;;;;
FOTOS DO PRODUTO ENVIADO POR E;;;;;
FRANCILENE GOMES DOS SANTOS;;;;;
G RUBIM;;;;;
G RUBIM GERENCIAMENTO;;;;;
G RUBIM GERENCIAMENTO E PLANEJAMENTO;;;;;
G RUBIM GERENCIAMENTO E PLANEJAMENTO EMPRESARIAL LTDA;;;;;
GARCIA DECOR LTDA;;;;;
GETECNICA ASSISTENCIA TECNICA LTDA;;;;;
GL COMERCIO DE MATERIAIS PARA CONSTRUCAO LTDA;;;;;
GLOBAL SALVADOR GERAIS LTDA;;;;;
GLOBAL SALVADOR SERVICOS GERAIS LTDA;;;;;
GLOBEX DECORACOES;;;;;
GM SERVICOS LTDA;;;;;
GPAV TRILOGO;;;;;
GUARDA SOL TEM QUE SER TODO PRETO E TAMBEM TEM QUE SERVIR COMO GUARDA CHUVA;;;;;
HIGIENIZACAO DOS TAPETES DE RECIFE;;;;;
HOF SERVICOS DE PINTURA EM GERAL EIRELI;;;;;
HORA EXTRA SEGURANCA BELDERE;;;;;
HORAS EXTRAS SEGURANCA BELVEDERE;;;;;
HTTPS://WWW.GIMBA.COM.BR/BALDE;;;;;
ICAMENTO DAS PECAS DE MARCENARIA DO BRAVISSIMA;;;;;
IGUATEMI SP;;;;;
ILHA TINTAS LTDA;;;;;
ILHAS TINTA BRAVISSIMA;;;;;
IMAGEM DO PRODUTO ENVIADO POR E;;;;;
IMAGEM DO PRODUTO NO E;;;;;
IMPERIO DAS TINTAS LTDA;;;;;
IMPERMEABILIZACAO DAS BANQUETAS E CADEIRAS;;;;;
IMPRESSAO DOS PROJETOS DA ORNARE;;;;;
IMS MARCENARIA ITU LTDA;;;;;
INFINIT DISTRIBUIDORA DE REVESTIMENTOS E ACABAMENTOS LTDA;;;;;
INFINIT DISTRUBUIDORA E REVESTIMENTOS E ACABAMENTOS LTDA;;;;;
INFORMACOES REFERENTE A ESSA COPRA FORAM ENVIADAS POR EMAIL;;;;;
INFORMOU QUE O BOLETO CONSTA COMO PAGO;;;;;
INSTALACAO DE ACRILICO DA ESCADA;;;;;
INSTALACAO DE DOIS ESPELHOS;;;;;
INSTALACAO DE EUCATEX;;;;;
INSTALACAO DE PELICULA NOS VIDROS DA GUARITA;;;;;
INSTALACAO DE PERSIANAS;;;;;
INSTALACAO DE PISO;;;;;
INSTALACAO DE RALOS LINEARES NO APTO RS;;;;;
INSTALACAO DE SOM;;;;;
INSTALACAO DE SUPORTE DE TV;;;;;
INSTALACAO DE TRAVA MAGNETICA NO ELEVADOR DE CARGA;;;;;
INSTALACAO DO PISO PORCELANATO;;;;;
INSTALACAO EM SPK;;;;;
ISRAEL RIBEIRO;;;;;
ISRAEL RIBEIRO DE LIMA;;;;;
ITENS ENVIADOS POR E;;;;;
JAPA DESENTUPIDORA E DEDETIZACAO LTDA;;;;;
JC COMERCIO E SERVICOS DE MATERIAIS CONTRA INCENDIO LTDA;;;;;
JD GONCALVES DA SILVA POLIMENTOS ME;;;;;
JM IMPORTACAO E COMERCIO DE TAPETES E CARPETES EIRELI;;;;;
JOAO CARLOS MAIA GOULART;;;;;
JOAO PEDRO DE PAIVA SANTOS DUARTE;;;;;
JONAS FELIPE SOUZA SILVA;;;;;
JONAS JOAQUIM DA SILVA;;;;;
JOSE DOMINGOS SODRE DOS SANTOS;;;;;
JOSE HELENILSON SOUZA DOS REIS;;;;;
KAMY TAPETES COMERCIO LTDA;;;;;
KAMY TAPETES INDUSTRIA E COMERCIO LTDA;;;;;
KI PEDRAS MARMORARIA LTDA;;;;;
KIT ODORIZADOR DE BANHEIRO;;;;;
KLEBER PONTES DE OLIVEIRA;;;;;
LA NOVITA COMERCIO DE COUROS EIRELI;;;;;
LA NOVITA COUROS EIRELI;;;;;
LAMPADAS RIBERIAO;;;;;
LD STUDIO;;;;;
LED WAVE PAINEIS ELETRONICOS LTDA;;;;;
LEVI & ANGELA;;;;;
LIDER IND COMERCIO DE ESTOFADOS S A INDUSTRIA;;;;;
LIMPEZA DE CALHA;;;;;
LIMPEZA DE VITRINE;;;;;
LIMPEZA DE VITRINE EXTRA NA LOJA DO MATARAZZO;;;;;
LIMPEZA E ZELADORIA;;;;;
LIMPEZA EXTRA;;;;;
LIMPEZA EXTRA DE CAMPINAS;;;;;
LIMPZA DE VITRINE CAMPINAS;;;;;
LIN DO MATERIAL ENVIADO POR EMAIL;;;;;
LINK COM DETALHES DO PRODUTO ENVIADO POR E;;;;;
LINK COM O MODELO DO MATERIAL ENVIADO POR EMAIL;;;;;
LINK COM O MODELO ENVIADO POR EMAIL;;;;;
LINK COM O MODELO POR EMAIL;;;;;
LINK COM O NOVO MODELO APROVADO ENVIADO POR EMAIL;;;;;
LINK DA LOJA ENVIADO POR EMAIL;;;;;
LINK DE COMPRA ENVIADO POR EMAIL;;;;;
LINK DO ITEM ENVIADO POR E;;;;;
LINK DO MATERIAL ENIVADO POR EMAIL;;;;;
LINK DO MATERIAL ENVIADO PELO DIEGO;;;;;
LINK DO MATERIAL ENVIADO POR E;;;;;
LINK DO MATERIAL ENVIADO POR EMAIL;;;;;
LINK DO MATERIAL ENVIADO POR EMIAL;;;;;
LINK DO MATERIAL ENVIAIDO POR E;;;;;
LINK DO MATERIAL PADRAO ENVIADO POR EMAIL;;;;;
LINK DO MATERIAL SOLICITADO ENVIADO POR EMAIL;;;;;
LINK DO MATERIL ENVIADO POR EMAIL;;;;;
LINK DO MODELO ENVIADO POR E;;;;;
LINK DO MODELO ENVIADO POR EMAIL;;;;;
LINK DO NOSSO PADRAO DE FERRO ENVIADO POR EMAIL;;;;;
LINK DO PRODUTO ENVIADO POR E;;;;;
LINK DO PRODUTO ENVIADO POR EMAIL;;;;;
LINK DO PRODUTO NVIADO POR E;;;;;
LINK DO TATERIAL ENVIADO POR EMAIL;;;;;
LINK DOS MATERIAIS ENVIADO POR EMAIL;;;;;
LINK DOS MATERIAIS ENVIADO POR EMIAL;;;;;
LINK DOS MATERIAIS ENVIADOS POR E;;;;;
LINK DOS MATERIAIS ENVIADOS POR EMAIL;;;;;
LINK DOS MATERIAS ENVIADO POR EMAIL;;;;;
LINK DOS MATRIAIS ENVIADOS POR EMAIL;;;;;
LINK DOS PRODUTOS ENVIADO E;;;;;
LINK DOS PRODUTOS ENVIADO POR E;;;;;
LINK DOS PRODUTOS ENVIADO POR EMAIL;;;;;
LINK E DESCRICAO DA COMORA  MATERIL ENVIADO POR EMAIL;;;;;
LINK E DESCRICAO DOS MATERIAIS ENVIADO POR EMAIL;;;;;
LINK E INFORMACOES DA COMPRA ENVIADAS POR EMIAL;;;;;
LINK ENVIADO NO EMAIL;;;;;
LINK ENVIADO PELO E;;;;;
LINK ENVIADO POR E;;;;;
LINK ENVIADO POR EMAIL;;;;;
LINK ENVIADO POR EMIAL;;;;;
LINK PARA COMPRA ENVIADO POR EMAIL;;;;;
LINK REFERENCIA ENVIADO POR EMAIL;;;;;
LINKS DOS MATERIAIS ENVIADO POR EMAIL;;;;;
LINKS POR EMAIL;;;;;
LIRIAN ISABEL PIRES;;;;;
LISTA DE MATERIAIS ENVIADA NO EMAIL;;;;;
LISTA DE MATERIAIS ENVIADA POR IMAGEM;;;;;
LISTA DOS MATERIAIS ENIVADO POR EMAIL;;;;;
LISTA DOS MATERIAIS ENVIADO;;;;;
LISTA ENVIADA POR EMIAL;;;;;
LIVIA A. L. SERVICOS DE LAVANDERIA;;;;;
LOCACAO DE CACAMBA PARA REMOCAO DE ENTULHO;;;;;
LOCACAO DE CARRINHO PARA TRANSPORTE DE MATERIAS;;;;;
LOPESANTOS INSTALACAO E COMERCIO DE CONFECCOES LTDA;;;;;
LS BONFIM EQUIPAMENTOS CONTRA INCENDIO EIRELI;;;;;
LUIS HENRIQUE PEREIRA DE CARVALHO;;;;;
MAD ART EM MADEIRAS LTDA;;;;;
MAD ART EM MOVEIS LTDA;;;;;
MAD ARTE EM MADEIRAS LTDA;;;;;
MALTA ADMINISTRACAO;;;;;
MANGUERIA DE JARDIM;;;;;
MANHATTAN ELETRONIC;;;;;
MANTA PARA PISO VINILICO ANTI IMPACTO E RUIDOS;;;;;
MANUT DE AR CONDICIONADO;;;;;
MANUT DE AR CONDICONADO;;;;;
MANUT DO AR CONDICIONADO;;;;;
MANUT DO ELEVADOR;;;;;
MANUT DO ELEVADOR DE CARGA;;;;;
MANUT ELEVADOR FABRICA;;;;;
MANUT NO ELEVADOR;;;;;
MANUT PREVENTVA DO AR CONDICIONADO;;;;;
MANUT. AR CONDICIONADO;;;;;
MANUTENCAO AR CONDICIONADO;;;;;
MANUTENCAO CAIXA COM DESMONTAGEM DA BASE;;;;;
MANUTENCAO CORRETIVA DO ELEVADOR DA FABRICA;;;;;
MANUTENCAO CORRETIVA NO ELEVADOR DA CAMISARIA;;;;;
MANUTENCAO DO AR CONDICIONADO;;;;;
MANUTENCAO DO QUADRO ELETRICO;;;;;
MANUTENCAO DOS AMPLIFICADORES DE SINAL;;;;;
MANUTENCAO DOS BEBDOUROS DA LOJA;;;;;
MANUTENCAO DOS EXTINTORES;;;;;
MANUTENCAO E INSTALACAO DAS CAMERAS DE RIBEIRAO;;;;;
MANUTENCAO ELETRICA IGUATEMI BRASILIA;;;;;
MANUTENCAO ELEVADOR;;;;;
MANUTENCAO NAS TELAS TENSIONADAS DE BH;;;;;
MANUTENCAO NOS BRACOS DO SOFA E INSTALACAO DE TV NO JK;;;;;
MANUTENCAO PREDIAL NO IGUATEMI BRASILIA;;;;;
MANUTENCAO PREDIAL REALIZADA NO VILLAGE;;;;;
MANUTENCAO PREVENTIVA DO BEBEDOURO DO BELA CINTRA;;;;;
MAO DE OBRA;;;;;
MAR & FIRE NEW EQUIPAMENTOS CONTRA INCENDIO LTDA;;;;;
MARCIA CORREIA DIAS;;;;;
MARCO AURELIO DA SILVA;;;;;
MASSA CORRIDA PARA AOBRA DO FINANCEIRO;;;;;
MATERIA JA INSTALADO NF 836 ENVIADO POR EMAIL;;;;;
MATERIAIS DE PINTURA;;;;;
MATERIAIS ELESTRICOS;;;;;
MATERIAIS GL TINTAS;;;;;
MATERIAIS MANUTENCAO;;;;;
MATERIAIS OBRA PHG;;;;;
MATERIAIS P/ REFORMA;;;;;
MATERIAIS PARA A OBRA DA GUARITA;;;;;
MATERIAIS PARA A OBRA DO FINANCEIRO;;;;;
MATERIAIS PARA A OBRA DO PHG;;;;;
MATERIAIS PARA EQUIPE DE MANUTENCAO;;;;;
MATERIAIS PARA MANUTENCAO;;;;;
MATERIAIS PARA MANUTENCAO DO COMPRESSOR DA PRODUCAO;;;;;
MATERIAIS PARA MANUTENCAO DO JARDIM DE SALVADOR;;;;;
MATERIAIS PARA OBRA DA AMPLIACAO DO FINANCEIRO;;;;;
MATERIAL COMPRADO NF 1448792;;;;;
MATERIAL EMERGENCIAL PARA ATENDER DEMANDA DO LETREIRO DO VILLAGE;;;;;
MATERIAL ENTREGUE NA LOJA MATARAZZO. NF 745;;;;;
MATERIAL ENVADO POR EMAIL;;;;;
MATERIAL ENVIADO PELO E;;;;;
MATERIAL ENVIADO POR EMAIL;;;;;
MATERIAL JA COMPRADO E SUBSTITUIDO NF 1443;;;;;
MATERIAL JA ENTREGUE NF 36639 ENVIADA POR EMAIL;;;;;
MATERIAL JA ENTREGUE. NF 33645;;;;;
MATERIAL JA FOI COMPRADO E ENTREGUE;;;;;
MATERIAL JA INSTALADO NF 2911 ENVIADA POR EMAIL;;;;;
MATERIAL JA INSTALADO NF 431 ENVIADA POR EMAIL;;;;;
MATERIAL JA SE ENCONTRA NA LOJA;;;;;
MATERIAL JA SUBSTITUIDO EM LOJA NF110;;;;;
MATERIAL JA SUBSTITUIDO SEGUE NUMERO DE NF 1778;;;;;
MATERIAL PARA AMLIACAO DE PONTOS DE ILUMINACAO NO BELVEDERE;;;;;
MATERIAL PARA O DIA A DIA DA EQUIPE DE MANUTENCAO;;;;;
MATERIAS MANUTENCAO;;;;;
MATERIAS OBRA BRAVISSIMA;;;;;
MATERIAS PARA EQUIPE DE MANUTENCAO;;;;;
MATERIAS PARA O ESTOUQE PULMAO;;;;;
MATERIAS PARA USO NO DIA DIA;;;;;
MATERIAS REFERENTE PARA PINTURA DA GUARITA;;;;;
MELHORAR O SISTEMA DE ARMAZENAMENTO DOS ROLOS DE TECIDO NO ESTOQUE;;;;;
MELO CONSTRUCOES E INSTALACOES LTDA;;;;;
MERCADORIA ENTREGUE;;;;;
MERCADORIA JA ENTREGUE;;;;;
MESA DE REUNIAO METALON;;;;;
MESAS DA SALA DO G$C;;;;;
MF 41 PAGAMENTO PARA 06/12;;;;;
MGV TRANSPORTE LTDA;;;;;
MIKE DENNER FREIRE LIMA;;;;;
MNAUTENCAO DO ELAVDOR;;;;;
MNAUTENCAO GERAL FRENTE DE GAVETAS E TAMPAS;;;;;
MNAUTENCAO NOS BEBEDOUROS DA FABRICA;;;;;
MODELO APROVADO PELO GERENTE ENVIADO NO EMAIL;;;;;
MODELO APROVADO PELO GERNTE ENVIADO POR EMAIL;;;;;
MODELO DO MATERIAL ENVIADO POR E;;;;;
MODELO DO MATERIAL ENVIADO POR EMAIL;;;;;
MODELO DO MATERIAL ENVIADO POR EMAIL COM AS ESPECIFICACOES;;;;;
MODELO DO MATERIAL ENVIADOPOR EMAIL;;;;;
MODELO DO PANTONE ENVIADO POR EMAIL;;;;;
MODELO DOS MATERIAIS SOLICITADOS ENVIADO POR EMAIL;;;;;
MODELO E METRAGEM ENVIADO POR EMAIL;;;;;
MODELO ENVIADO NO EMAIL;;;;;
MODELO ENVIADO POR E;;;;;
MODELO ENVIADO POR EMAIL;;;;;
MODELO PADRAO DA LTIMA COMPRA;;;;;
MODELO PADRAO ENVIADO POR EMAIL;;;;;
MODELO VAP 20S SEM TABUA;;;;;
MODELOS APROVADOS PELO GERENTE ENVIADO POR EMAIL;;;;;
MODELOS ENVIADO POR EMAIL;;;;;
MODELOS REQUISITADOS PELO GERENTE ENVIADO POR EMAIL;;;;;
MONITORAMENTO BELA CINTRA;;;;;
MONITORAMENTO EMIVE;;;;;
MONITORAMENTO GALPAO 92;;;;;
MONITORAMENTO LAGO SUL;;;;;
MONTE BERICO;;;;;
MONTE BERICO REFRIGERACAO LTDA;;;;;
MOONITORAMENTO GALPAO 116;;;;;
MOVEIS AONA;;;;;
MULTGLASS;;;;;
N 27820;;;;;
N 45100;;;;;
N 45283;;;;;
N 45562;;;;;
NA CALHA DA PISCINA PARA RESOLVER UM VAZAMENTO NA COPA;;;;;
NEFRAN EQUIPAMENTOS CONTRA INCENDIO EIRELI;;;;;
NELSINHO INFORMOIU QUE ESSA NF E REFERENTE A COMPRA DE COLCHAO PARA O RICARDOR;;;;;
NF  004;;;;;
NF  1373;;;;;
NF  1510;;;;;
NF  3717;;;;;
NF  44;;;;;
NF  477;;;;;
NF  8069;;;;;
NF 000.036.597;;;;;
NF 000.056.813;;;;;
NF 0012;;;;;
NF 001458980;;;;;
NF 003;;;;;
NF 01.226;;;;;
NF 01/A1;;;;;
NF 013543;;;;;
NF 024;;;;;
NF 025;;;;;
NF 02769 VENCIMENTO 10/08/2023;;;;;
NF 03;;;;;
NF 03 PAGAMENTO 20/12;;;;;
NF 046 O MATERIAL JA FOI ENTREGUE;;;;;
NF 046.645;;;;;
NF 07;;;;;
NF 072 MATERIAL ENTREGUE;;;;;
NF 080;;;;;
NF 086;;;;;
NF 099 VENCIMENTO 18/08/2023;;;;;
NF 1;;;;;
NF 1 PAGAMENTO PARA 01/10/2023;;;;;
NF 1.610;;;;;
NF 10;;;;;
NF 100;;;;;
NF 1002955;;;;;
NF 1003015;;;;;
NF 1003032;;;;;
NF 1003049;;;;;
NF 101;;;;;
NF 1010 VENCIMENTO 25/08/2023;;;;;
NF 10107;;;;;
NF 1011;;;;;
NF 1011 VENCIMENTO 16/08/2023;;;;;
NF 1012;;;;;
NF 10147;;;;;
NF 1016;;;;;
NF 101748 O MATERIAL JA ESTA EM ANDAMENTO PARA TRANSPORTE;;;;;
NF 1018;;;;;
NF 101989;;;;;
NF 102;;;;;
NF 1021;;;;;
NF 1025;;;;;
NF 103;;;;;
NF 1030;;;;;
NF 1031;;;;;
NF 1037;;;;;
NF 1039;;;;;
NF 104;;;;;
NF 1043;;;;;
NF 1045;;;;;
NF 1049;;;;;
NF 105;;;;;
NF 105673;;;;;
NF 10599;;;;;
NF 106;;;;;
NF 1066;;;;;
NF 107;;;;;
NF 1070;;;;;
NF 1072;;;;;
NF 1077;;;;;
NF 1079;;;;;
NF 108;;;;;
NF 1082;;;;;
NF 1083;;;;;
NF 1085;;;;;
NF 109;;;;;
NF 1091;;;;;
NF 109407;;;;;
NF 1096;;;;;
NF 11;;;;;
NF 110/A1;;;;;
NF 1100;;;;;
NF 11086;;;;;
NF 1109;;;;;
NF 111;;;;;
NF 1110;;;;;
NF 1113;;;;;
NF 1115;;;;;
NF 11151;;;;;
NF 112;;;;;
NF 1120;;;;;
NF 1123;;;;;
NF 11239;;;;;
NF 1124 O MATERIAL JA FOI ENTREGUE;;;;;
NF 1127;;;;;
NF 1128;;;;;
NF 1129;;;;;
NF 113 O MATERIAL JA FOI ENTREGUE;;;;;
NF 1130;;;;;
NF 11309;;;;;
NF 113096;;;;;
NF 1131;;;;;
NF 11328/A1;;;;;
NF 1133;;;;;
NF 1136 O MATERIAL JA FOI ENTREGUE;;;;;
NF 1138;;;;;
NF 1139;;;;;
NF 1139  VENCIMENTO 26/02;;;;;
NF 1142;;;;;
NF 1143;;;;;
NF 11430;;;;;
NF 1146;;;;;
NF 1146 O MATERIAL JA FOI ENTREGUE;;;;;
NF 11478/A1;;;;;
NF 1148 O MATERIAL JA FOI ENTREGUE;;;;;
NF 1149 O MATERIAL JA FOI ENTREGUE;;;;;
NF 115;;;;;
NF 11528;;;;;
NF 1153;;;;;
NF 1155;;;;;
NF 11552;;;;;
NF 11596;;;;;
NF 116;;;;;
NF 1161;;;;;
NF 1161 O MATERIAL JA FOI ENTREGUE;;;;;
NF 116808;;;;;
NF 11692;;;;;
NF 1172 O MATERIAL JA FOI ENTREGUE;;;;;
NF 1173;;;;;
NF 1174 O MATERIAL JA FOI ENTREGUE;;;;;
NF 118;;;;;
NF 1184 O MATERIAL JA FOI ENTREGUE;;;;;
NF 11847;;;;;
NF 1185 O MATERIAL JA FOI ENTREGUE;;;;;
NF 1186 O MATERIAL JA FOI ENTREGUE;;;;;
NF 119;;;;;
NF 1190;;;;;
NF 119335;;;;;
NF 1194;;;;;
NF 12;;;;;
NF 12/ VALOR A SER PAGO R$ 1447,18 / PROGRAMAR PAGAMENTO PARA O DIA 15/08.;;;;;
NF 120;;;;;
NF 12050/A1;;;;;
NF 1207;;;;;
NF 1208;;;;;
NF 121;;;;;
NF 122;;;;;
NF 12229;;;;;
NF 1235;;;;;
NF 12359/A1;;;;;
NF 1236;;;;;
NF 1242 O MATERIAL JA FOI ENTREGUE;;;;;
NF 1244;;;;;
NF 12473;;;;;
NF 1249;;;;;
NF 12494 O MATERIAL JA FOI ENTREGUE;;;;;
NF 125;;;;;
NF 125/A1;;;;;
NF 12576 O ORCAMENTO FOI MANDADO POR EMAIL;;;;;
NF 126;;;;;
NF 12617;;;;;
NF 1264;;;;;
NF 12687;;;;;
NF 127;;;;;
NF 12762/A1;;;;;
NF 127796  O MATERIAL JA FOI ENTREGUE NA CIDADE MATARAZZO;;;;;
NF 127989 O MATERIAL JA FOI ENTREGUE NA CIDADE MATARAZZO;;;;;
NF 128;;;;;
NF 128166;;;;;
NF 1286;;;;;
NF 1287;;;;;
NF 12884;;;;;
NF 12898/A1 VENCIMENTO 16/12;;;;;
NF 1292;;;;;
NF 1297;;;;;
NF 12972;;;;;
NF 13;;;;;
NF 13027;;;;;
NF 13029;;;;;
NF 1304;;;;;
NF 13042 O MATERIAL JA FOI ENTREGUE;;;;;
NF 13043 O MATERIAL JA FOI ENTREGUE;;;;;
NF 13044 O MATERIAL JA FOI ENTREGUE;;;;;
NF 13046 O MATERIAL JA FOI ENTREGUE;;;;;
NF 13047 O MATERIAL JA FOI ENTREGUE;;;;;
NF 13082;;;;;
NF 13114;;;;;
NF 1316;;;;;
NF 1317;;;;;
NF 1318;;;;;
NF 13191;;;;;
NF 132;;;;;
NF 13230 O MATERIAL JA FOI ENTREGUE;;;;;
NF 13233;;;;;
NF 13356 O MATERIAL JA FOI ENTREGUE;;;;;
NF 13363 O MATERIAL JA FOI ENTREGUE;;;;;
NF 13367;;;;;
NF 1338;;;;;
NF 1347;;;;;
NF 1354;;;;;
NF 135725 O MATERIAL JA FOI ENTREGUE NA CIDADE MATARAZZO;;;;;
NF 136;;;;;
NF 13629;;;;;
NF 1367;;;;;
NF 1368;;;;;
NF 13680;;;;;
NF 1369;;;;;
NF 137;;;;;
NF 1370;;;;;
NF 1371;;;;;
NF 1372;;;;;
NF 1374;;;;;
NF 1375;;;;;
NF 1376;;;;;
NF 1377;;;;;
NF 1378;;;;;
NF 13819;;;;;
NF 1384;;;;;
NF 13842;;;;;
NF 1385;;;;;
NF 13868;;;;;
NF 13884;;;;;
NF 13885;;;;;
NF 13887;;;;;
NF 13889;;;;;
NF 13891;;;;;
NF 139;;;;;
NF 1390;;;;;
NF 1391;;;;;
NF 1394;;;;;
NF 14;;;;;
NF 140;;;;;
NF 140/A1;;;;;
NF 1403;;;;;
NF 1409;;;;;
NF 141;;;;;
NF 1414;;;;;
NF 14179;;;;;
NF 1418;;;;;
NF 142;;;;;
NF 142 VENCIMENTO 29/07/2024;;;;;
NF 1420;;;;;
NF 1425;;;;;
NF 1428;;;;;
NF 143;;;;;
NF 1430;;;;;
NF 14322;;;;;
NF 144;;;;;
NF 1442;;;;;
NF 1443;;;;;
NF 145;;;;;
NF 1455;;;;;
NF 1457;;;;;
NF 146;;;;;
NF 1465;;;;;
NF 1467;;;;;
NF 148;;;;;
NF 1480;;;;;
NF 15;;;;;
NF 15018;;;;;
NF 150286;;;;;
NF 151;;;;;
NF 1512474  NF 1512284 NF 1512749 OS MATERIAIS JA FORAM ENTREGUES;;;;;
NF 15127;;;;;
NF 152;;;;;
NF 1520;;;;;
NF 152055;;;;;
NF 15220;;;;;
NF 15272;;;;;
NF 153;;;;;
NF 1532544 O MATERIAL JA FOI ENTREGUE;;;;;
NF 1536318 O MATERIAL JA FOI ENTREGUE;;;;;
NF 153909;;;;;
NF 15395;;;;;
NF 154;;;;;
NF 1546;;;;;
NF 1547;;;;;
NF 15486;;;;;
NF 1558;;;;;
NF 15586;;;;;
NF 15650;;;;;
NF 156792;;;;;
NF 157;;;;;
NF 157303 O MATERIAL JA FOI ENTREGUE;;;;;
NF 15746;;;;;
NF 15789;;;;;
NF 158;;;;;
NF 159;;;;;
NF 159/A1;;;;;
NF 1590;;;;;
NF 15903;;;;;
NF 1591629 O MATERIAL FOI ENTREGUE;;;;;
NF 16;;;;;
NF 16010;;;;;
NF 1605 MATERIAL JA SE ENCONTRA EM NOSSA LOJA;;;;;
NF 16084;;;;;
NF 161;;;;;
NF 16129;;;;;
NF 1616242;;;;;
NF 16267;;;;;
NF 1627742;;;;;
NF 163;;;;;
NF 1632783;;;;;
NF 164;;;;;
NF 164111;;;;;
NF 16429;;;;;
NF 16467;;;;;
NF 1649;;;;;
NF 1656;;;;;
NF 166;;;;;
NF 166 VENCIMENTO 14/11/2023;;;;;
NF 16606;;;;;
NF 16665;;;;;
NF 167;;;;;
NF 16716;;;;;
NF 16717;;;;;
NF 16722;;;;;
NF 16728;;;;;
NF 167302;;;;;
NF 168;;;;;
NF 169334;;;;;
NF 17;;;;;
NF 170;;;;;
NF 170567;;;;;
NF 171;;;;;
NF 171923;;;;;
NF 171992;;;;;
NF 172;;;;;
NF 17206;;;;;
NF 174;;;;;
NF 17414;;;;;
NF 174431;;;;;
NF 1749;;;;;
NF 175;;;;;
NF 1750;;;;;
NF 17517;;;;;
NF 17534;;;;;
NF 17646;;;;;
NF 17647;;;;;
NF 1767595;;;;;
NF 177355;;;;;
NF 177681;;;;;
NF 178;;;;;
NF 17821;;;;;
NF 17854;;;;;
NF 179898;;;;;
NF 18;;;;;
NF 180;;;;;
NF 1803 O MATERIAL JA FOI ENTREGUE;;;;;
NF 181;;;;;
NF 18224;;;;;
NF 1823858;;;;;
NF 18242;;;;;
NF 182706;;;;;
NF 183;;;;;
NF 1838;;;;;
NF 183822;;;;;
NF 184;;;;;
NF 1849;;;;;
NF 18502;;;;;
NF 18503;;;;;
NF 1859 O MATERIAL JA FOI ENTREGUE;;;;;
NF 1859 PROGRAMAR PAGAMENTO 09/08/2023;;;;;
NF 18601;;;;;
NF 1863806;;;;;
NF 1868181;;;;;
NF 187;;;;;
NF 188;;;;;
NF 189;;;;;
NF 1893683;;;;;
NF 18964;;;;;
NF 1899 PAGAMENTO PARA 08/11;;;;;
NF 19;;;;;
NF 19/A;;;;;
NF 190;;;;;
NF 1901;;;;;
NF 191;;;;;
NF 19170 VENCIMENTO 28/08;;;;;
NF 1919;;;;;
NF 192;;;;;
NF 1927;;;;;
NF 193;;;;;
NF 193759;;;;;
NF 1943;;;;;
NF 19493;;;;;
NF 195;;;;;
NF 1950005;;;;;
NF 1953;;;;;
NF 196;;;;;
NF 1963;;;;;
NF 19650;;;;;
NF 19651;;;;;
NF 1967;;;;;
NF 197;;;;;
NF 1971;;;;;
NF 198;;;;;
NF 198/A1 PAGAMENTO 13/12;;;;;
NF 199;;;;;
NF 19984;;;;;
NF 19985;;;;;
NF 19995;;;;;
NF 19996;;;;;
NF 2;;;;;
NF 20;;;;;
NF 200/A1;;;;;
NF 2000;;;;;
NF 20102;;;;;
NF 2021 O MATERIAL JA FOI ENTREGUE;;;;;
NF 2023/1237;;;;;
NF 2023/197605;;;;;
NF 2023/21 PROGRAMAR PAGAMENTO 16/08/2023;;;;;
NF 2023/217;;;;;
NF 2023/22;;;;;
NF 2023/220008;;;;;
NF 2023/24;;;;;
NF 2023/240;;;;;
NF 2023/25;;;;;
NF 2023/251081;;;;;
NF 2023/26;;;;;
NF 2023/263;;;;;
NF 2023/298 VENCIMENTO 01/12/2023;;;;;
NF 2023/31;;;;;
NF 2023/316;;;;;
NF 2023/32;;;;;
NF 2023/324030;;;;;
NF 2023/34;;;;;
NF 2023/36;;;;;
NF 2023/37;;;;;
NF 2023/375;;;;;
NF 2023/376;;;;;
NF 2023/3767;;;;;
NF 2023/40;;;;;
NF 2023/432;;;;;
NF 2023/433;;;;;
NF 2023/487;;;;;
NF 2023/488;;;;;
NF 2023/536;;;;;
NF 2023/592;;;;;
NF 2023/593;;;;;
NF 2023/8 PROGRAMAR PAGAMENTO PARA O DIA 01/09;;;;;
NF 20233;;;;;
NF 2024/1;;;;;
NF 2024/1065;;;;;
NF 2024/110548;;;;;
NF 2024/12;;;;;
NF 2024/127;;;;;
NF 2024/13;;;;;
NF 2024/136071;;;;;
NF 2024/142;;;;;
NF 2024/149;;;;;
NF 2024/15;;;;;
NF 2024/19;;;;;
NF 2024/192 VENCIMENTO 01/11;;;;;
NF 2024/2;;;;;
NF 2024/20;;;;;
NF 2024/202;;;;;
NF 2024/203;;;;;
NF 2024/24;;;;;
NF 2024/264;;;;;
NF 2024/265;;;;;
NF 2024/29;;;;;
NF 2024/3;;;;;
NF 2024/308566;;;;;
NF 2024/35;;;;;
NF 2024/36;;;;;
NF 2024/38;;;;;
NF 2024/39;;;;;
NF 2024/4;;;;;
NF 2024/40;;;;;
NF 2024/41;;;;;
NF 2024/41VENCIMENTO 01/04;;;;;
NF 2024/45903;;;;;
NF 2024/463;;;;;
NF 2024/464;;;;;
NF 2024/49;;;;;
NF 2024/50;;;;;
NF 2024/5168;;;;;
NF 2024/52;;;;;
NF 2024/53;;;;;
NF 2024/55;;;;;
NF 2024/56;;;;;
NF 2024/57;;;;;
NF 2024/58;;;;;
NF 2024/59;;;;;
NF 2024/6;;;;;
NF 2024/7;;;;;
NF 2024/753;;;;;
NF 2024/78;;;;;
NF 2024/78382;;;;;
NF 2024/79;;;;;
NF 2024/8;;;;;
NF 2024/80;;;;;
NF 2024/864;;;;;
NF 2024/882;;;;;
NF 2024/9;;;;;
NF 2024/91;;;;;
NF 202400000000010;;;;;
NF 202400000000011;;;;;
NF 202414;;;;;
NF 2025/1;;;;;
NF 2025/10  VENCIMENTO 03/03;;;;;
NF 2025/11;;;;;
NF 2025/12;;;;;
NF 2025/13;;;;;
NF 2025/14;;;;;
NF 2025/15;;;;;
NF 2025/164;;;;;
NF 2025/171;;;;;
NF 2025/2;;;;;
NF 2025/22;;;;;
NF 2025/282;;;;;
NF 2025/34;;;;;
NF 2025/35;;;;;
NF 2025/37;;;;;
NF 2025/39;;;;;
NF 2025/4;;;;;
NF 2025/41;;;;;
NF 2025/44;;;;;
NF 2025/443;;;;;
NF 2025/46;;;;;
NF 2025/47;;;;;
NF 2025/641;;;;;
NF 2025/652;;;;;
NF 2025/66;;;;;
NF 2025/7;;;;;
NF 2025/73;;;;;
NF 2025/75;;;;;
NF 2025/792;;;;;
NF 2025/793;;;;;
NF 2025/9;;;;;
NF 2033;;;;;
NF 204664;;;;;
NF 2051 A NOTA JA FOI ENVIADA POR EMAIL;;;;;
NF 205182;;;;;
NF 205183;;;;;
NF 20523;;;;;
NF 20556;;;;;
NF 2056;;;;;
NF 20597;;;;;
NF 206;;;;;
NF 20633;;;;;
NF 207;;;;;
NF 207870;;;;;
NF 208;;;;;
NF 209;;;;;
NF 20A;;;;;
NF 21;;;;;
NF 210;;;;;
NF 2101 O MATERIAL JA FOI ENTREGUE;;;;;
NF 21053;;;;;
NF 211;;;;;
NF 211 O MATERIAL JA FOI ENTREGUE;;;;;
NF 2113;;;;;
NF 21164;;;;;
NF 212;;;;;
NF 21236;;;;;
NF 2127;;;;;
NF 21371;;;;;
NF 214;;;;;
NF 2173;;;;;
NF 217709 O MATERIAL JA FOI ENTREGUE;;;;;
NF 2178;;;;;
NF 2179;;;;;
NF 21792;;;;;
NF 21793;;;;;
NF 2198;;;;;
NF 21A;;;;;
NF 22;;;;;
NF 22 PAGAMENTO 10/10;;;;;
NF 22.334;;;;;
NF 2233;;;;;
NF 2236;;;;;
NF 2247;;;;;
NF 2255;;;;;
NF 226;;;;;
NF 227;;;;;
NF 2283;;;;;
NF 2293;;;;;
NF 2294;;;;;
NF 2295;;;;;
NF 2296;;;;;
NF 2297;;;;;
NF 2298;;;;;
NF 2299;;;;;
NF 23;;;;;
NF 230;;;;;
NF 2300;;;;;
NF 2301;;;;;
NF 2302;;;;;
NF 231;;;;;
NF 2316;;;;;
NF 2317;;;;;
NF 2323/36;;;;;
NF 2327;;;;;
NF 2329;;;;;
NF 2339;;;;;
NF 2340;;;;;
NF 2341;;;;;
NF 2341 O MATERIAL JA FOI ENTREGUE;;;;;
NF 2342;;;;;
NF 2343;;;;;
NF 2344;;;;;
NF 2345;;;;;
NF 2346;;;;;
NF 2347;;;;;
NF 2348;;;;;
NF 235;;;;;
NF 236 PROGRAMAR PAGAMENTO PARA O DIA 17/08;;;;;
NF 2376;;;;;
NF 237602;;;;;
NF 2379;;;;;
NF 2380 VENCIMENTO 01/11/2023;;;;;
NF 2381;;;;;
NF 2382;;;;;
NF 2383;;;;;
NF 2384;;;;;
NF 2386;;;;;
NF 2387;;;;;
NF 239;;;;;
NF 2390;;;;;
NF 2391;;;;;
NF 2395;;;;;
NF 24;;;;;
NF 240;;;;;
NF 2402;;;;;
NF 2403;;;;;
NF 240642;;;;;
NF 2409;;;;;
NF 24169;;;;;
NF 2418;;;;;
NF 2419;;;;;
NF 2420;;;;;
NF 2428;;;;;
NF 24294;;;;;
NF 243;;;;;
NF 243098;;;;;
NF 2434;;;;;
NF 2435;;;;;
NF 2436;;;;;
NF 2437;;;;;
NF 2438;;;;;
NF 24388 MATERIAL JA ADQUIRIDO;;;;;
NF 2439;;;;;
NF 2440;;;;;
NF 2441;;;;;
NF 2442;;;;;
NF 2443;;;;;
NF 2444;;;;;
NF 245;;;;;
NF 246;;;;;
NF 2469;;;;;
NF 2470;;;;;
NF 2471 VENCIMENTO 02/11/2023;;;;;
NF 2472;;;;;
NF 2473;;;;;
NF 2474;;;;;
NF 2475;;;;;
NF 2476;;;;;
NF 2477;;;;;
NF 2479;;;;;
NF 2480;;;;;
NF 2485;;;;;
NF 25;;;;;
NF 251;;;;;
NF 251/NE;;;;;
NF 252;;;;;
NF 2521;;;;;
NF 2522;;;;;
NF 2523;;;;;
NF 2524;;;;;
NF 2525;;;;;
NF 2526;;;;;
NF 2527 VENCIMENTO 01/02/2024;;;;;
NF 2528;;;;;
NF 2529;;;;;
NF 253;;;;;
NF 2530;;;;;
NF 2531;;;;;
NF 254350;;;;;
NF 25440;;;;;
NF 255;;;;;
NF 255 O MATERIAL JA FOI ENTREGUE;;;;;
NF 25591;;;;;
NF 2564;;;;;
NF 2565;;;;;
NF 2566;;;;;
NF 2567;;;;;
NF 2568;;;;;
NF 2569;;;;;
NF 257;;;;;
NF 2570;;;;;
NF 257049;;;;;
NF 2571;;;;;
NF 2572;;;;;
NF 2573;;;;;
NF 2574;;;;;
NF 258184;;;;;
NF 25832;;;;;
NF 2596;;;;;
NF 25987;;;;;
NF 26;;;;;
NF 2601;;;;;
NF 2607;;;;;
NF 2608;;;;;
NF 26089;;;;;
NF 2609;;;;;
NF 26090;;;;;
NF 261;;;;;
NF 2610;;;;;
NF 2611;;;;;
NF 26128;;;;;
NF 2613;;;;;
NF 2614;;;;;
NF 2615;;;;;
NF 2616;;;;;
NF 2617;;;;;
NF 2618;;;;;
NF 262;;;;;
NF 2621;;;;;
NF 262564;;;;;
NF 26294;;;;;
NF 2636;;;;;
NF 2639 CONFIRMADA PELO ALBERTO E PAGA PELA KAROL;;;;;
NF 264;;;;;
NF 26432;;;;;
NF 26463;;;;;
NF 2647;;;;;
NF 2649;;;;;
NF 265;;;;;
NF 2650;;;;;
NF 2651;;;;;
NF 2652;;;;;
NF 2653;;;;;
NF 2654;;;;;
NF 2655;;;;;
NF 2656;;;;;
NF 26563;;;;;
NF 2657;;;;;
NF 2658;;;;;
NF 2672;;;;;
NF 2673;;;;;
NF 26746;;;;;
NF 26796;;;;;
NF 268;;;;;
NF 2683;;;;;
NF 26871;;;;;
NF 26897;;;;;
NF 26898;;;;;
NF 2691;;;;;
NF 2692;;;;;
NF 26921 VENCIMENTO 18/10/2023;;;;;
NF 2693;;;;;
NF 2694;;;;;
NF 2695;;;;;
NF 2696;;;;;
NF 26966;;;;;
NF 2697;;;;;
NF 2698;;;;;
NF 2699;;;;;
NF 27;;;;;
NF 270 VENCIMENTO 10/08/2023;;;;;
NF 2701;;;;;
NF 2702;;;;;
NF 2703;;;;;
NF 27054;;;;;
NF 27056;;;;;
NF 271;;;;;
NF 271 VENCIMENTO 10/08/2023;;;;;
NF 27153;;;;;
NF 27154;;;;;
NF 27198;;;;;
NF 272;;;;;
NF 2722;;;;;
NF 27220;;;;;
NF 27270;;;;;
NF 27357;;;;;
NF 2738;;;;;
NF 2739;;;;;
NF 274;;;;;
NF 2740;;;;;
NF 2741;;;;;
NF 2742;;;;;
NF 2743;;;;;
NF 27436;;;;;
NF 2744;;;;;
NF 2745;;;;;
NF 2746;;;;;
NF 27467;;;;;
NF 27468;;;;;
NF 2747;;;;;
NF 2748;;;;;
NF 27512;;;;;
NF 27533;;;;;
NF 27623;;;;;
NF 27626;;;;;
NF 27629;;;;;
NF 27630;;;;;
NF 27633;;;;;
NF 27634;;;;;
NF 276473 O MATERIAL JA FOI ENTREGUE;;;;;
NF 27674;;;;;
NF 27675;;;;;
NF 276965 ORCAMENTO ENVIADO POR EMAIL;;;;;
NF 27711;;;;;
NF 277270;;;;;
NF 27731;;;;;
NF 27750;;;;;
NF 27751;;;;;
NF 277874 O MATERIAL JA FOI ENTREGUE;;;;;
NF 2784;;;;;
NF 2785;;;;;
NF 2786;;;;;
NF 2787;;;;;
NF 2788;;;;;
NF 2789;;;;;
NF 27893;;;;;
NF 2790;;;;;
NF 2791;;;;;
NF 2792;;;;;
NF 2794;;;;;
NF 2795;;;;;
NF 28;;;;;
NF 280;;;;;
NF 28012;;;;;
NF 280653;;;;;
NF 2808;;;;;
NF 281;;;;;
NF 28107;;;;;
NF 28108;;;;;
NF 281421;;;;;
NF 28147;;;;;
NF 2818;;;;;
NF 282;;;;;
NF 28248;;;;;
NF 283;;;;;
NF 2833;;;;;
NF 28333;;;;;
NF 28334;;;;;
NF 28335;;;;;
NF 2834;;;;;
NF 2834 PAGAMENTO 15/12;;;;;
NF 28345;;;;;
NF 28347;;;;;
NF 28348;;;;;
NF 2835;;;;;
NF 2836;;;;;
NF 2837;;;;;
NF 2838;;;;;
NF 2839;;;;;
NF 284;;;;;
NF 2840;;;;;
NF 28408,;;;;;
NF 28409;;;;;
NF 2841;;;;;
NF 2843;;;;;
NF 2844;;;;;
NF 28452;;;;;
NF 28470;;;;;
NF 285;;;;;
NF 28501;;;;;
NF 28681;;;;;
NF 28682;;;;;
NF 287015;;;;;
NF 28720;;;;;
NF 28737;;;;;
NF 288;;;;;
NF 2882;;;;;
NF 2883;;;;;
NF 2884;;;;;
NF 2885;;;;;
NF 2886;;;;;
NF 2887;;;;;
NF 2888;;;;;
NF 2889;;;;;
NF 289 MATERIAL JA FOI ENTREGUE NA LOJA;;;;;
NF 2890;;;;;
NF 2891;;;;;
NF 2892;;;;;
NF 28969;;;;;
NF 29;;;;;
NF 29.974;;;;;
NF 290;;;;;
NF 290 PAGAMENTO 20/02;;;;;
NF 29069;;;;;
NF 29070;;;;;
NF 29084;;;;;
NF 291;;;;;
NF 29110;;;;;
NF 29125;;;;;
NF 29165;;;;;
NF 29166;;;;;
NF 29167;;;;;
NF 29170;;;;;
NF 29171;;;;;
NF 29174;;;;;
NF 292 O MATERIAL JA FOI ENTREGUE;;;;;
NF 2928 PAG 01/11;;;;;
NF 2929 PAG 01/11;;;;;
NF 293 O MATERIAL FOI ENTREGUE;;;;;
NF 2930 PAG 01/1;;;;;
NF 2931 PAG 01/11;;;;;
NF 2932 PAG 01/11;;;;;
NF 2933 PAG 01/11;;;;;
NF 2934 PAG 01/11;;;;;
NF 2935 PAG 01/11;;;;;
NF 2936 PAG 01/11;;;;;
NF 2937 O MATERIAL JA FOI ENTREGUE;;;;;
NF 29393;;;;;
NF 29394;;;;;
NF 294;;;;;
NF 294 O MATERIAL JA FOI ENTREGUE;;;;;
NF 29433;;;;;
NF 29447;;;;;
NF 295;;;;;
NF 295 O MATERIAL JA FOI ENTREGUE;;;;;
NF 2952;;;;;
NF 2953;;;;;
NF 29629;;;;;
NF 29730;;;;;
NF 29731;;;;;
NF 29767;;;;;
NF 29784;;;;;
NF 299;;;;;
NF 29953;;;;;
NF 299623;;;;;
NF 3;;;;;
NF 3 ENVIADO POR EMAIL;;;;;
NF 30;;;;;
NF 300;;;;;
NF 30002;;;;;
NF 30003;;;;;
NF 30004;;;;;
NF 30005;;;;;
NF 30006;;;;;
NF 30007;;;;;
NF 30053;;;;;
NF 30054;;;;;
NF 30090;;;;;
NF 30107;;;;;
NF 3019;;;;;
NF 302;;;;;
NF 302  VENCIMENTO 09/08 BOLETO;;;;;
NF 303 VENCIMENTO 09/08;;;;;
NF 303129;;;;;
NF 3038;;;;;
NF 304;;;;;
NF 306;;;;;
NF 30616;;;;;
NF 3065;;;;;
NF 3066;;;;;
NF 307;;;;;
NF 30754;;;;;
NF 3076;;;;;
NF 308;;;;;
NF 30815;;;;;
NF 309;;;;;
NF 30951;;;;;
NF 31;;;;;
NF 31 O MATERIAL JA FOI ORCADO POR EMAIL;;;;;
NF 31 PAGAMENTO PARA 02/12;;;;;
NF 3104;;;;;
NF 31056;;;;;
NF 311;;;;;
NF 31104;;;;;
NF 3111;;;;;
NF 3113 AGUA RECEBIDA;;;;;
NF 312;;;;;
NF 3121;;;;;
NF 313;;;;;
NF 31422;;;;;
NF 31423;;;;;
NF 3149 JA ENTREGUE EM NOSSA FABRICA;;;;;
NF 315;;;;;
NF 3150;;;;;
NF 315609;;;;;
NF 316;;;;;
NF 317;;;;;
NF 31742;;;;;
NF 31745;;;;;
NF 31746;;;;;
NF 31748;;;;;
NF 3179;;;;;
NF 319;;;;;
NF 3190;;;;;
NF 3191;;;;;
NF 32;;;;;
NF 32290;;;;;
NF 32291;;;;;
NF 32292;;;;;
NF 32293;;;;;
NF 32294;;;;;
NF 32297;;;;;
NF 32327;;;;;
NF 324;;;;;
NF 32477;;;;;
NF 32481;;;;;
NF 325;;;;;
NF 32501;;;;;
NF 3260 O PRODUTO JA FOI ENTREGUE;;;;;
NF 328 MATERIAL JA INSTALADO;;;;;
NF 33;;;;;
NF 330;;;;;
NF 333;;;;;
NF 3331;;;;;
NF 33389;;;;;
NF 33393;;;;;
NF 334;;;;;
NF 3358;;;;;
NF 336;;;;;
NF 33628;;;;;
NF 33632;;;;;
NF 336516;;;;;
NF 33736;;;;;
NF 33983;;;;;
NF 33993;;;;;
NF 34;;;;;
NF 34000;;;;;
NF 34020;;;;;
NF 3406;;;;;
NF 34069;;;;;
NF 34098;;;;;
NF 34120;;;;;
NF 34338;;;;;
NF 344;;;;;
NF 345;;;;;
NF 3451;;;;;
NF 346;;;;;
NF 3460;;;;;
NF 347 O MATERIAL JA FOI ENTREGUE;;;;;
NF 35;;;;;
NF 35 VENCIMENTO 16/08;;;;;
NF 350;;;;;
NF 351;;;;;
NF 35137;;;;;
NF 352;;;;;
NF 353;;;;;
NF 354;;;;;
NF 355;;;;;
NF 355  VENICMENTO 28/02;;;;;
NF 3555;;;;;
NF 35620;;;;;
NF 3567;;;;;
NF 357 O MATERIAL JA FOI ENTREGUE;;;;;
NF 3571;;;;;
NF 357222;;;;;
NF 35921;;;;;
NF 36;;;;;
NF 36 PAGAMENTO PARA 01/11;;;;;
NF 360;;;;;
NF 361;;;;;
NF 3619;;;;;
NF 362;;;;;
NF 363;;;;;
NF 3648;;;;;
NF 365;;;;;
NF 36510;;;;;
NF 3654;;;;;
NF 3655;;;;;
NF 3676;;;;;
NF 369609 O MATERIAL FOI COMPRADO;;;;;
NF 37;;;;;
NF 370;;;;;
NF 371;;;;;
NF 3716;;;;;
NF 372;;;;;
NF 3726;;;;;
NF 374;;;;;
NF 3745;;;;;
NF 375;;;;;
NF 375274 VENCIMENTO 24/08/2023;;;;;
NF 3761;;;;;
NF 378;;;;;
NF 3785;;;;;
NF 379;;;;;
NF 3791;;;;;
NF 3793;;;;;
NF 3794;;;;;
NF 38;;;;;
NF 380;;;;;
NF 381;;;;;
NF 381 PAGAMNETO PARA 24/04/2024;;;;;
NF 384;;;;;
NF 3855;;;;;
NF 386;;;;;
NF 3863;;;;;
NF 3865;;;;;
NF 3866;;;;;
NF 3867;;;;;
NF 3868;;;;;
NF 3869;;;;;
NF 387;;;;;
NF 3876;;;;;
NF 3877;;;;;
NF 388;;;;;
NF 389009;;;;;
NF 3892;;;;;
NF 39;;;;;
NF 3906;;;;;
NF 391;;;;;
NF 394;;;;;
NF 395;;;;;
NF 396;;;;;
NF 396013 O MATERIAL JA FOI COMPRADO E ENTREGUE;;;;;
NF 3963;;;;;
NF 3970;;;;;
NF 3987;;;;;
NF 399;;;;;
NF 39923;;;;;
NF 4;;;;;
NF 40;;;;;
NF 40 VENCIMENTO 06/11/2023;;;;;
NF 400;;;;;
NF 4002;;;;;
NF 401;;;;;
NF 401 O MATERIAL JA FOI ENTREGUE;;;;;
NF 4013;;;;;
NF 40133;;;;;
NF 402138;;;;;
NF 40287;;;;;
NF 40341;;;;;
NF 4059;;;;;
NF 406;;;;;
NF 409;;;;;
NF 41;;;;;
NF 410;;;;;
NF 41075;;;;;
NF 411;;;;;
NF 4113;;;;;
NF 41148;;;;;
NF 4122;;;;;
NF 41400;;;;;
NF 41423;;;;;
NF 41477;;;;;
NF 416;;;;;
NF 416 O MATERIAL JA FOI ENTREGUE;;;;;
NF 41624;;;;;
NF 417 O MATERIAL JA FOI ENTREGUE;;;;;
NF 41772;;;;;
NF 41968;;;;;
NF 42;;;;;
NF 42032 VENCIMENTO 30/08;;;;;
NF 4205;;;;;
NF 42115;;;;;
NF 422;;;;;
NF 4222;;;;;
NF 4224;;;;;
NF 42377;;;;;
NF 4266;;;;;
NF 42685;;;;;
NF 428 VENCIMENTO 11/08;;;;;
NF 4290;;;;;
NF 4291;;;;;
NF 43;;;;;
NF 4309;;;;;
NF 4310 VENCIMENTO 27/03;;;;;
NF 435;;;;;
NF 436;;;;;
NF 437 VENCIMENTO 28/09/2023;;;;;
NF 4383;;;;;
NF 44;;;;;
NF 441;;;;;
NF 441176;;;;;
NF 44177 O MATERIAL JA FOI ENTREGUE;;;;;
NF 44243;;;;;
NF 443;;;;;
NF 443 O MATERIAL JA FOI ENTREGUE;;;;;
NF 44357 O MATERIAL JA FOI ENTREGUE NO GALPAO;;;;;
NF 44381 O MATERIAL JA FOI ENTREGUE;;;;;
NF 44407 O MATERIAL JA FOI ENTREGUE;;;;;
NF 444369;;;;;
NF 445256;;;;;
NF 44610 O MATERIAL JA FOI ENTREGUE;;;;;
NF 44694 O MATERIAL JA FOI ENTREGUE;;;;;
NF 4474;;;;;
NF 44786 O MATERIAL JA FOI ENTREGUE;;;;;
NF 44902 O MATERIAL JA FOI ENTREGUE;;;;;
NF 45;;;;;
NF 450;;;;;
NF 451;;;;;
NF 45131;;;;;
NF 451917;;;;;
NF 45252 O MATERIAL JA FOI ENTREGUE;;;;;
NF 45275 O MATERIAL JA FOI ENTREGUE;;;;;
NF 453;;;;;
NF 45363;;;;;
NF 45486 O MATERIAL JA FOI ENTREGUE;;;;;
NF 45545 O MATERIAL JA FOI ENTREGUE;;;;;
NF 45570 O MATERIAL JA FOI ENTREGUE;;;;;
NF 4559;;;;;
NF 4560;;;;;
NF 457;;;;;
NF 457952;;;;;
NF 458;;;;;
NF 45887 O MATERIAL JA FOI ENTREGUE;;;;;
NF 4592 O MATERIAL JA FOI ENTREGUE;;;;;
NF 459569;;;;;
NF 46;;;;;
NF 4601 O MATERIAL JA FOI ENTREGUE;;;;;
NF 46039 O MATERIAL JA FOI ENTREGUE;;;;;
NF 46089;;;;;
NF 461;;;;;
NF 46107 O MATERIAL JA FOI ENTREGUE;;;;;
NF 462;;;;;
NF 4629 O MATERIAL JA FOI ENTREGUE;;;;;
NF 463;;;;;
NF 46325;;;;;
NF 4640 O MATERIAL JA FOI ENTREGUE;;;;;
NF 466;;;;;
NF 4661 O MATERIAL JA FOI ENTREGUE;;;;;
NF 46718;;;;;
NF 4674;;;;;
NF 46765 O MATERIAL JA FOI ENTREGUE;;;;;
NF 4680 MATERIAL JA FOI ENTREGUE;;;;;
NF 46939;;;;;
NF 47;;;;;
NF 47  VENCIMENTO 25/02;;;;;
NF 471;;;;;
NF 47156;;;;;
NF 472;;;;;
NF 4725;;;;;
NF 4726;;;;;
NF 473;;;;;
NF 473 O MATERIAL FOI ENTREGUE;;;;;
NF 47304;;;;;
NF 4732;;;;;
NF 4747;;;;;
NF 476;;;;;
NF 47617;;;;;
NF 4764;;;;;
NF 4768;;;;;
NF 478;;;;;
NF 4784;;;;;
NF 4787;;;;;
NF 47922;;;;;
NF 4799;;;;;
NF 48;;;;;
NF 4806;;;;;
NF 48144;;;;;
NF 4825;;;;;
NF 4835;;;;;
NF 4838 O MATERIAL JA FOI ENTREGUE;;;;;
NF 484134;;;;;
NF 48417;;;;;
NF 4843;;;;;
NF 4847 O MATERIAL JA FOI ENTREGUE;;;;;
NF 485;;;;;
NF 4854;;;;;
NF 4859;;;;;
NF 48594;;;;;
NF 486;;;;;
NF 48732;;;;;
NF 4874;;;;;
NF 4880;;;;;
NF 4894;;;;;
NF 49;;;;;
NF 4903;;;;;
NF 4924;;;;;
NF 49248;;;;;
NF 4925;;;;;
NF 493;;;;;
NF 4937;;;;;
NF 494;;;;;
NF 49454;;;;;
NF 49549;;;;;
NF 4967;;;;;
NF 49743;;;;;
NF 49761 VENCIMENTO 04/03/2024;;;;;
NF 498;;;;;
NF 5;;;;;
NF 5 PAGAMENTO 28/01;;;;;
NF 50;;;;;
NF 501;;;;;
NF 5014229;;;;;
NF 502;;;;;
NF 50501 O MATERIAL JA FOI ENTREGUE;;;;;
NF 50620;;;;;
NF 508 MATERIAL JA INSTALADO EM NOSSA LOJA;;;;;
NF 50906;;;;;
NF 51;;;;;
NF 51216;;;;;
NF 51376;;;;;
NF 517;;;;;
NF 517389;;;;;
NF 51788;;;;;
NF 51790;;;;;
NF 518;;;;;
NF 5185;;;;;
NF 52;;;;;
NF 52168;;;;;
NF 52234;;;;;
NF 524.883;;;;;
NF 52526;;;;;
NF 52814;;;;;
NF 52891;;;;;
NF 53;;;;;
NF 53168;;;;;
NF 53205;;;;;
NF 5332;;;;;
NF 533338;;;;;
NF 534;;;;;
NF 5344;;;;;
NF 5345;;;;;
NF 5346;;;;;
NF 53597;;;;;
NF 53783;;;;;
NF 5381;;;;;
NF 538166;;;;;
NF 5385;;;;;
NF 54;;;;;
NF 542044;;;;;
NF 5424;;;;;
NF 546;;;;;
NF 5464;;;;;
NF 5481;;;;;
NF 5492;;;;;
NF 5496;;;;;
NF 55;;;;;
NF 551;;;;;
NF 552 O MATERIAL JA FOI ENTREGUE;;;;;
NF 5520;;;;;
NF 5548 O MATERIAL JA FOI ENTREGUE;;;;;
NF 5549 O MATERIAL JA FOI ENTREGUE;;;;;
NF 55723;;;;;
NF 55810;;;;;
NF 5586 O MATERIAL JA FOI ENTREGUE;;;;;
NF 5592;;;;;
NF 56;;;;;
NF 561;;;;;
NF 562;;;;;
NF 5627 O MATERIAL JA FOI ENTREGUE;;;;;
NF 563;;;;;
NF 566;;;;;
NF 5667 O MATERIAL JA FOI ENTREGUE;;;;;
NF 5694 O MATERIAL JA FOI ENTREGUE;;;;;
NF 5697;;;;;
NF 57;;;;;
NF 570 PAG P/ 01/11;;;;;
NF 5702;;;;;
NF 571;;;;;
NF 5733;;;;;
NF 574;;;;;
NF 5740;;;;;
NF 5743 O MATERIAL JA FOI ENTREGUE;;;;;
NF 5773;;;;;
NF 578;;;;;
NF 5781;;;;;
NF 579;;;;;
NF 5795;;;;;
NF 58;;;;;
NF 58258;;;;;
NF 583;;;;;
NF 584;;;;;
NF 585;;;;;
NF 5852;;;;;
NF 5854;;;;;
NF 5862;;;;;
NF 58634;;;;;
NF 5866;;;;;
NF 5869;;;;;
NF 587;;;;;
NF 5880;;;;;
NF 5893;;;;;
NF 59;;;;;
NF 5916;;;;;
NF 5930;;;;;
NF 595  O MATERIAL JA FOI ENTREGUE;;;;;
NF 597;;;;;
NF 5981;;;;;
NF 5985;;;;;
NF 5992;;;;;
NF 5993;;;;;
NF 5997;;;;;
NF 6;;;;;
NF 60;;;;;
NF 600;;;;;
NF 601;;;;;
NF 6025;;;;;
NF 608;;;;;
NF 6088;;;;;
NF 609;;;;;
NF 61;;;;;
NF 61059;;;;;
NF 613;;;;;
NF 614;;;;;
NF 615;;;;;
NF 6151;;;;;
NF 616;;;;;
NF 6185;;;;;
NF 62;;;;;
NF 620;;;;;
NF 621;;;;;
NF 6218;;;;;
NF 6232;;;;;
NF 62476;;;;;
NF 6255;;;;;
NF 6298;;;;;
NF 6310;;;;;
NF 6312;;;;;
NF 6315;;;;;
NF 6320;;;;;
NF 635;;;;;
NF 6368;;;;;
NF 6378;;;;;
NF 638;;;;;
NF 639;;;;;
NF 64;;;;;
NF 640;;;;;
NF 640161;;;;;
NF 6406;;;;;
NF 641;;;;;
NF 6418;;;;;
NF 644;;;;;
NF 6441;;;;;
NF 6448;;;;;
NF 645;;;;;
NF 646;;;;;
NF 646665;;;;;
NF 647;;;;;
NF 6476;;;;;
NF 648;;;;;
NF 64825;;;;;
NF 649;;;;;
NF 65;;;;;
NF 650;;;;;
NF 65035;;;;;
NF 6504;;;;;
NF 6507;;;;;
NF 651;;;;;
NF 6517;;;;;
NF 652;;;;;
NF 65234;;;;;
NF 653;;;;;
NF 654;;;;;
NF 655;;;;;
NF 6552;;;;;
NF 656;;;;;
NF 657;;;;;
NF 658;;;;;
NF 659;;;;;
NF 66;;;;;
NF 660;;;;;
NF 661;;;;;
NF 662;;;;;
NF 6622;;;;;
NF 663;;;;;
NF 664;;;;;
NF 665;;;;;
NF 666;;;;;
NF 667;;;;;
NF 67;;;;;
NF 671;;;;;
NF 672;;;;;
NF 673;;;;;
NF 675;;;;;
NF 6755;;;;;
NF 676;;;;;
NF 677;;;;;
NF 678;;;;;
NF 680;;;;;
NF 681;;;;;
NF 682;;;;;
NF 684;;;;;
NF 68466;;;;;
NF 685;;;;;
NF 687;;;;;
NF 688;;;;;
NF 69;;;;;
NF 690;;;;;
NF 691;;;;;
NF 6911;;;;;
NF 692;;;;;
NF 693;;;;;
NF 694;;;;;
NF 694 O MATERIAL JA FOI ENTREGUE;;;;;
NF 69426;;;;;
NF 695;;;;;
NF 696;;;;;
NF 697;;;;;
NF 69756;;;;;
NF 698;;;;;
NF 699;;;;;
NF 6993;;;;;
NF 7;;;;;
NF 7.682;;;;;
NF 70 PAGAMENTO PARA 23/01;;;;;
NF 700;;;;;
NF 70074;;;;;
NF 701;;;;;
NF 70135;;;;;
NF 7039;;;;;
NF 7078;;;;;
NF 713;;;;;
NF 714;;;;;
NF 715;;;;;
NF 716;;;;;
NF 718;;;;;
NF 72;;;;;
NF 720;;;;;
NF 721;;;;;
NF 722;;;;;
NF 722 VENCIMENTO/PAGAMENTO 07/08/2023;;;;;
NF 723;;;;;
NF 72337;;;;;
NF 724;;;;;
NF 72428;;;;;
NF 7243 O MATERIAL FOI ENTREGUE;;;;;
NF 725;;;;;
NF 726;;;;;
NF 727;;;;;
NF 728;;;;;
NF 729;;;;;
NF 73;;;;;
NF 730;;;;;
NF 731;;;;;
NF 73163;;;;;
NF 736;;;;;
NF 736 O MATERIAL JA FOI INSTALADO;;;;;
NF 7366 O MATERIAL FOI ENTREGUE;;;;;
NF 73706;;;;;
NF 738;;;;;
NF 739;;;;;
NF 74;;;;;
NF 74064;;;;;
NF 742;;;;;
NF 75 VENCIMENTO 14/08;;;;;
NF 7536 VENCIMENTO 07/08 BOLETO;;;;;
NF 7537 VENCIMENTO 14/08/2023 BOLETO;;;;;
NF 7548 VENCIMENTO DO BOLETO 07/08/2023;;;;;
NF 7564;;;;;
NF 76;;;;;
NF 760;;;;;
NF 76058;;;;;
NF 762;;;;;
NF 7635;;;;;
NF 7657;;;;;
NF 7670;;;;;
NF 769;;;;;
NF 7692;;;;;
NF 7699;;;;;
NF 77;;;;;
NF 770;;;;;
NF 7755;;;;;
NF 7759;;;;;
NF 7767;;;;;
NF 7769;;;;;
NF 78;;;;;
NF 7800;;;;;
NF 783;;;;;
NF 784;;;;;
NF 788;;;;;
NF 7892;;;;;
NF 7895;;;;;
NF 7928;;;;;
NF 793;;;;;
NF 7932;;;;;
NF 7938;;;;;
NF 7952;;;;;
NF 7971;;;;;
NF 7972;;;;;
NF 79735;;;;;
NF 79754;;;;;
NF 79851;;;;;
NF 799;;;;;
NF 7990;;;;;
NF 8;;;;;
NF 80;;;;;
NF 8004;;;;;
NF 8033;;;;;
NF 8049;;;;;
NF 8050;;;;;
NF 806;;;;;
NF 80825;;;;;
NF 80826;;;;;
NF 8084;;;;;
NF 80854;;;;;
NF 8091;;;;;
NF 81;;;;;
NF 8108;;;;;
NF 81341 VENCIMENTO 16/12;;;;;
NF 8141;;;;;
NF 81559;;;;;
NF 8171;;;;;
NF 818;;;;;
NF 8186;;;;;
NF 8187;;;;;
NF 820;;;;;
NF 8210;;;;;
NF 82158;;;;;
NF 822;;;;;
NF 8279;;;;;
NF 8286;;;;;
NF 8298;;;;;
NF 83;;;;;
NF 830;;;;;
NF 830 O MATERIAL JA FOI ENTREGUE;;;;;
NF 8304 REPASSADA PELO ALBERTO;;;;;
NF 831;;;;;
NF 8311;;;;;
NF 832;;;;;
NF 84010 O MATERIAL JA FOI COMPRADO E ENTREGUE;;;;;
NF 842152;;;;;
NF 842985;;;;;
NF 843;;;;;
NF 846;;;;;
NF 849;;;;;
NF 850;;;;;
NF 85276;;;;;
NF 853;;;;;
NF 85685;;;;;
NF 85902;;;;;
NF 86;;;;;
NF 863;;;;;
NF 866;;;;;
NF 869;;;;;
NF 870;;;;;
NF 87064;;;;;
NF 8760;;;;;
NF 876782;;;;;
NF 877;;;;;
NF 879824;;;;;
NF 88;;;;;
NF 8821;;;;;
NF 8824;;;;;
NF 8891;;;;;
NF 89;;;;;
NF 891;;;;;
NF 8922;;;;;
NF 8923;;;;;
NF 8965;;;;;
NF 9;;;;;
NF 9 O MATERIAL SERA ENTREGUE EM BREVE;;;;;
NF 9 VENCIMENTO 01/04;;;;;
NF 9016;;;;;
NF 9024;;;;;
NF 904;;;;;
NF 90789;;;;;
NF 91;;;;;
NF 9116;;;;;
NF 914;;;;;
NF 919;;;;;
NF 92;;;;;
NF 93;;;;;
NF 931;;;;;
NF 94;;;;;
NF 9439;;;;;
NF 94473 O MATERIAL JA FOI ENTREGUE;;;;;
NF 945;;;;;
NF 94532;;;;;
NF 946;;;;;
NF 951;;;;;
NF 952;;;;;
NF 959;;;;;
NF 96;;;;;
NF 960;;;;;
NF 9632;;;;;
NF 964 O MATERIAL SERA ENTREGUE;;;;;
NF 965;;;;;
NF 9660;;;;;
NF 97;;;;;
NF 97/A1;;;;;
NF 9701;;;;;
NF 973697;;;;;
NF 975;;;;;
NF 976178;;;;;
NF 976746;;;;;
NF 977206;;;;;
NF 978.435;;;;;
NF 980;;;;;
NF 98250;;;;;
NF 984;;;;;
NF 9875;;;;;
NF 991;;;;;
NF 994;;;;;
NF 99440;;;;;
NF 995;;;;;
NF 996;;;;;
NF 9963;;;;;
NF 997;;;;;
NF 998;;;;;
NF 998 O MATERIAL JA FOI ENTREGUE;;;;;
NF 99836;;;;;
NF 999;;;;;
NF DE ENTREGA FUTURA 9368 E NF 9389 (RECEBIMENTO);;;;;
NF E OUTROS DADOS SERA ENVIADO POSTERIORMENTE POR E;;;;;
NF E OUTROS DADOS SERAO ENVIADOS POSTERIORMENTE POR E;;;;;
NF ENVIADA POR EMAIL AONA;;;;;
NF ENVIADA POSTERIORMENTE POR E;;;;;
NF PROGRAMA PARA 17/01;;;;;
NF PROGRAMADA PARA 20/01;;;;;
NF PROGRAMADA PARA O DIA 20/01;;;;;
NF SERA ENVIADA POSTERIORMENTE POR E;;;;;
NF VENCIMENTO 02/01;;;;;
NF1137;;;;;
NF127184 O MATERIAL JA FOI ENTREGUE NA OBRA DA CIDADE MATARAZZO;;;;;
NF1274;;;;;
NF18;;;;;
NF196;;;;;
NF2024/92;;;;;
NF26;;;;;
NF2612;;;;;
NF2637;;;;;
NF26599;;;;;
NF2700;;;;;
NF29 PAGAMENTO PARA 14/03;;;;;
NF3;;;;;
NF43104 MATERIAL JA FOI ENTREGUE NA OBRA;;;;;
NF44;;;;;
NF471;;;;;
NF4726;;;;;
NF5;;;;;
NF687 MATERIAL JA FOI RECEBIDO E INSTALADO;;;;;
NF688 JA RECEBIDA E INSTALADA;;;;;
NFS 12;;;;;
NFS 13;;;;;
NFS 13 VENCIMENTO DO BOLETO 10/08/2023;;;;;
NFS 2023/23 PROGRAMAR PAGAMENTO 16/08;;;;;
NFS 26;;;;;
NFS 741 PROGRAMAR PAGAMENTO PARA O DIA 11/08;;;;;
NICOLAS GERONIMO DA SILVA;;;;;
NILO CELIO RIBEIRO;;;;;
NIX ELEVADORES LTDA;;;;;
NOVA IDEAL SERRALHERIA LTDA;;;;;
NOVA SOLIC. REF A SOLIC 2060 QUE SE ENCONTRA NAO LIBERADA POR ERRO NO SISTEMA;;;;;
NOVOS COLABORADORES;;;;;
O BOLETO SERA ENCAMINHADO ASSIM QUE RECEBIDO;;;;;
O GERENTE A LOJA ENVIOU A FOTO DO MATERIAL NO EMAIL;;;;;
O MATERIAL PRECISA SER DA MARCA DECA, CONFORME ENVIADO POR EMAIL;;;;;
O MODELO CORRETO DO MOP PO E O QUE TEM UM LADO MEIO ABERTO COM FITA;;;;;
O ORCAMENTO FOI ENVIADO POR E;;;;;
O ORCAMENTO FOI ENVIADO POR EMAIL;;;;;
O ORCAMENTO SERA ENVIADO POR EMAIL;;;;;
OBA LAVANDERIA LTDA;;;;;
OBRA BRAVISSIMA;;;;;
OBS A BETE SOLICITA PAO DE QUEIJO PACOTE 1KG DOS PEQUENOS;;;;;
OBS A MARCA DO MODELO QUE NECESSITAMOS E BRALIMPIA;;;;;
OBS:  SEGUIR O MODELO QUE FOI ENVIADO POR EMAIL;;;;;
OBSERVACOES ENVIADO POR EMAIL;;;;;
OFICINA DO DESIGN E PRODUCAO LTDA;;;;;
OLIVEIRA JUNS SOLUCOES CONSTRUTIVAS LTDA;;;;;
ORCAMENTO 24021907956/1;;;;;
ORCAMENTO DOS MATERIAIS ENVIADO POR EMAIL;;;;;
ORCAMENTO ENVIADO;;;;;
ORCAMENTO ENVIADO POR EMAIL;;;;;
ORCAMENTO REALIZADO. SERA NECESSARIO SO SEGUIR COM A COMPRA;;;;;
PAGAMENTO 07/04;;;;;
PAGAMENTO 25/08;;;;;
PAGAMENTO ADIANTADO;;;;;
PAGAMENTO PARA 06/02;;;;;
PAGAMENTO PARA 24/01;;;;;
PAPEL DE PAREDE PARA SUITES;;;;;
PARA A MANUTENCAO DO AR;;;;;
PARA CAMPINAS;;;;;
PARA RECIFE RIOMAR;;;;;
PAULO VICTOR BITTENCOURT CRUZ;;;;;
PAULO VICTOR BITTENCOURT DA CRUZ;;;;;
PEDIDO;;;;;
PEDIDO 29003;;;;;
PEDIDO 8360;;;;;
PEDIDO ENVIADO NO EMAIL;;;;;
PEDIDO POR EMAIL;;;;;
PINTURA DE TETO E PAREDE DO MEZANINO;;;;;
PINTURA E INSTALACAO DE SUPORTE DE LINHAS;;;;;
PLACAS DE MDF P/ PARA MANUTENCAO NO SETOR DO GOBIRA;;;;;
PODE SEGUIR A COMPRA COM O FORNECEDOR QUE SEMPRE COMPRAMOS;;;;;
PORCELNATO OBRA BRAVISSIMA;;;;;
PORTA DE GIRO EM ALUMINIO LINHA;;;;;
PRATELEIRAS;;;;;
PRATELEIRAS PARA O RIOMAR FORTALEZA;;;;;
PRECISA DE 30M CONFORME ENVIADO POR E;;;;;
PRIMUS REVESTIMENTO LTDA;;;;;
PRIORIZAR ESSA COMPRA;;;;;
PRODUCAO DE MESA PARA LOJA DE GOIANIA;;;;;
PRODUCAO DE SUPORTE PARA PASSADOR DE MANGA;;;;;
PRODUTO JA COMPRADO NF 2867 ENVIDA POR EMAIL;;;;;
PRODUTO JA ENTREGUE;;;;;
PRODUTO JA ENTREGUE . NF 29656;;;;;
PRODUTO JA ENTREGUE . NF 7514;;;;;
PRODUTO JA ENTREGUE. NF 1026;;;;;
PRODUTO JA ENTREGUE. NF 46150;;;;;
PRODUTO JA SOLICITADO COM MAO DE OBRA;;;;;
PRODUTO REFERENTE A TV SALA DE REUNIAO MARKETING, SUPORTE P/ TV;;;;;
PRODUTO REFERENTE AO SUPORTE DE ROLO PARA EMBALAR ROUPAS;;;;;
PROGRAMAR PAGAMENTO PARA O DIA 11/07.;;;;;
PUXADOR PARA O BELVEDERE;;;;;
QUADRO ELETRICO DO PHG;;;;;
R M ENGENHARIA E CONSTRUCAO LTDA;;;;;
RA EXTINTORES LTDA;;;;;
REALIZAR A COMPRA COM O MESMO FORNECEDOR DA ULTIMA VEZ;;;;;
REALIZAR A COMPRA SEGUINDO O MODELO DOS LINKS ENVIADOS POR EMIAL;;;;;
RECARGA DE EXTINTORES DO OUTLET;;;;;
RECARGA DOS ENTINTORES DE ALPHAVILLE;;;;;
RECARGA DOS EXTINTORES DE RECIFE;;;;;
RECARGA DOS EXTINTORES DO BELA CINTRA;;;;;
RECARGA DOS EXTINTORES DO IGUATEMI SP;;;;;
RECARGA DOS EXTINTORES DO JK;;;;;
RECIBO 32117;;;;;
RECORTE E ACABAMENTO NA MESA;;;;;
REF A SOLICITACAO 4682;;;;;
REFEREENTE A ELABORACAO DO CONTRATO DE LIMPEZA DE RIBEIRAO;;;;;
REFERENTE A 3 PARCELA DO REVESTIMENTO ACUSTICO DO PHG;;;;;
REFERENTE A ADMINITRACAO DA OBRA  DURANTE O MES DE ABRIL;;;;;
REFERENTE A COBRANCA MENSAL DA LIMPEZA DE VITRINE DE RECIFE;;;;;
REFERENTE A COLETA E ANALISE DA AGUA DA CALDEIRA;;;;;
REFERENTE A COLOCACAO DE PISO DA OBRA PHG;;;;;
REFERENTE A COMPRA DE AR CONDICIONADO PARA A NOSSA OBRA PHG;;;;;
REFERENTE A COMPRA DE MAIS UMA BANQUETA PARA NOSSA LOJA PHG;;;;;
REFERENTE A CONSERTO DE 2 TELEVISORES E 2 MICRO;;;;;
REFERENTE A CONSTRUTORA DA OBRA PHG;;;;;
REFERENTE A ELABORACAO DA PMOC E ART;;;;;
REFERENTE A ELABORACAO DE CONTRATO DE LIMPEZA PARA SALVDOR;;;;;
REFERENTE A ELABORACAO DE CONTRATO DE ZELADORIA E LIMPEZA DO BELA CINTRA;;;;;
REFERENTE A ELABORACAO DO CONTRATO DE LIMPEZA DE CAMPINAS;;;;;
REFERENTE A ELABORACAO DO CONTRATO DE LIMPEZA DO VILLAGE;;;;;
REFERENTE A ELABORACAO DO CONTRATO DE ZELADORIA DO BELVEDERE;;;;;
REFERENTE A ELABORACAO DO ONTRATO DE LIMPEZA DO LAGO SUL;;;;;
REFERENTE A ILUMINACAO DO PHG;;;;;
REFERENTE A IMPRESSAO DE PROJETO NA GRAFICA;;;;;
REFERENTE A INSTALACAO DE CERCA ELETRICA NA CAMISARIA;;;;;
REFERENTE A INSTALACAO DE PELICULA NO MOVEL DA PORTARIA;;;;;
REFERENTE A INSTALACAO MECANICA DO AR CONDICIONADO;;;;;
REFERENTE A LIMPEZA REALIZADA NO APARTAMENTO;;;;;
REFERENTE A MANUTENCAO CORRETIVA DA MAQUINA DE GELO;;;;;
REFERENTE A MANUTENCAO CORRETIVA REALIZADA NO VILLAGE;;;;;
REFERENTE A MANUTENCAO DO DVR DO VILLAGE;;;;;
REFERENTE A MANUTENCAO PREVENTIVA DAS MAQUINAS DE COSTURA DE RIBEIRAO;;;;;
REFERENTE A MANUTENCAO PREVENTIVA DOS BEBEDOUROS DA CAMISARIA;;;;;
REFERENTE A MAO DE OBRA DE INSTALACAO DA ILUMINACAO DO PHG;;;;;
REFERENTE A MONTAGEM DE MOVEIS;;;;;
REFERENTE A NF 21075;;;;;
REFERENTE A OBRA DO BRAVISSIMA;;;;;
REFERENTE A OBRA DO TELHADO;;;;;
REFERENTE A OBRA NO FINANCEIRO E G&C;;;;;
REFERENTE A PINTURA DO MEZANINO DA OBRA PHG;;;;;
REFERENTE A PRIMEIRA PARCELA DA COMPRA DAS PEDRAS DAS BANCADAS PHG;;;;;
REFERENTE A SERVICO DE SEGURANCA PATRIMONIAL CONTRATACAO PROVISORIA;;;;;
REFERENTE A TROCA DE LOGO DA LOJA DE GOIANIA;;;;;
REFERENTE A TROCA DE TOMADA;;;;;
REFERENTE AO ACOMPANHAMENTO DA COSNTRUTORA DA OBRA DO PHG;;;;;
REFERENTE AO ACOMPANHAMENTO E FISCALIZACAO DE OBRA;;;;;
REFERENTE AO AR CONDICIONADO DO PHG;;;;;
REFERENTE AO CONTRATO DA MESA DO BRAVISSIMA;;;;;
REFERENTE AO CONTRATO DE LIMPEZA DO IGUATEMI BRASILIA;;;;;
REFERENTE AO CONTRATO DE LIMPEZA DO OUTLET;;;;;
REFERENTE AO CONTRATO DOS BANCOS EM COURO PRETO DO PHG;;;;;
REFERENTE AO DEPARTAMENTO DE TI;;;;;
REFERENTE AO FORRO DO APARTAMENTO DO BRAVISSIMA;;;;;
REFERENTE AO FORRO DO BRAVISSIMA;;;;;
REFERENTE AO ODORIZADOR DOS BANHEIRO DA FABRICA;;;;;
REFERENTE AO ORCAMENTO GUARITA FABRICA;;;;;
REFERENTE AO RESTANTE DO PAGAMENTO DA OBRA LINHA DE VIDA;;;;;
REFERENTE AO RESTANTE DO PAGAMENTO DO TELHADO DA FABRICA;;;;;
REFERENTE AO REVESTIMENTO ACUSTICO DA OBRA PHG;;;;;
REFERENTE AO REVESTIMENTO DOS CUBOS DA VITRINE;;;;;
REFERENTE AO SALDO RESTANTE DA MONT.B;;;;;
REFERENTE AO SPK DA OBRA PHG;;;;;
REFERENTE AO STUDIO LD;;;;;
REFERENTE AO TRANSPORTE E MONTAGEM DE MOVEIS;;;;;
REFERENTE AOS MATERIAIS UTILIZADOS NA COLOCACAO DE PISO DA OBRA PHG;;;;;
REFERENTE AOS MATERIAS UTILIZADOS PARA INSTALACAO DO SENSOR DE PRESENCA;;;;;
REFERENTE AS CORTINAS E PERSIANAS DO BRAVISSIMA;;;;;
REFERENTE AS HORAS EXTRAS DO SERVICO DE SEGURANCA DA FABRICA;;;;;
REFERENTE AS HORAS EXTRAS REALIZADAS EM ABRIL;;;;;
REFORMA DO ARMARIO DO IGUATEMI BRASILIA;;;;;
REFRIGERACAO GELOCENTER LTDA;;;;;
REMOCAO DE ENTULHO DO PHG;;;;;
REQUISICAO REFERENTE AO ODORIZADOR DA MATARAZZO;;;;;
RETIRADA DE ENTULH;;;;;
REVESTIMENTO ACUSTICO;;;;;
RFERENTE A ELABORACAO DO CONTRATO D ELIMPEZA RECIFE;;;;;
RIBEIRO EXTINTORES;;;;;
RICHARD MINAS COSTA ME;;;;;
ROBSON GUIMARAES SILVA;;;;;
RODINHAS PARA GUARITA;;;;;
ROGERIO DE PAIVA PELLICER ME;;;;;
ROMMA SISTEMAS DE SEGURANCA ELETRONICA LTDA;;;;;
SANDOVAL OLIVEIRA SANTOS;;;;;
SANEMIX MUNDO DOS SEVICOS;;;;;
SAO 20 CAIXAS DE LEITE COM 12 LITROS CADA UMA;;;;;
SAULO MOTA DA ROCHA;;;;;
SDS ACABAMENTOS LTDA;;;;;
SEGUE ESPECIFICACOES POR EMAIL;;;;;
SEGUI OS LINNKS DOS METERIAIS ENVIADOS POR E;;;;;
SEGUIR A COMPRA ATRAVES DO LINK ENVIADO POR EMIAL;;;;;
SEGUIR A COMPRA CONFORME DESCRITO NO EMAIL;;;;;
SEGUIR A COMPRA MEDIANTE A LISTA DOS ITENS QUE FOI ENVIADA POR EMAIL;;;;;
SEGUIR A DESCRICAO DA LISTA DOS PRODUTOS ENVIADOS POR E;;;;;
SEGUIR A DESCRICAO ENVIADA POR EMAIL;;;;;
SEGUIR A RELACAO DE MATERIAIS ENVIADA POR EMAIL;;;;;
SEGUIR AS MEDIDAS DA IMAGEM ENVIADA POR E;;;;;
SEGUIR COM A COMPRA CONFORME O EMAIL;;;;;
SEGUIR COM O PADRAO QUE TEM;;;;;
SEGUIR COM O PADRAO QUE TEMOS;;;;;
SEGUIR COMPRA COM O MESMO FORNECEDOR;;;;;
SEGUIR COMPRA CONFORME DESCRICAO ENVIADA POR EMAIL;;;;;
SEGUIR COMPRA CONFORME DESCRITO NO EMAIL;;;;;
SEGUIR COMPRA CONFORME LINK DO EMAIL;;;;;
SEGUIR COMPRA CONFORME O LINK DO EMAIL;;;;;
SEGUIR CONFORME EMAIL;;;;;
SEGUIR CONFORME ENVIADO NO EMAIL;;;;;
SEGUIR CONFORME ESPECIFICACOES NO EMAIL;;;;;
SEGUIR CONFORME O EMAIL;;;;;
SEGUIR CONFORME O LINK;;;;;
SEGUIR CONFORME O LINK DO EMAIL;;;;;
SEGUIR CONFORME O LINK NO EMAIL;;;;;
SEGUIR DESCRICAO ENVIADA POR EMAIL;;;;;
SEGUIR DETALHES DO EMAIL;;;;;
SEGUIR ESPECIFICACOES ENVIADAS POR EMAIL;;;;;
SEGUIR EXATAMENETE A DESCRICAO ENVIADA NO EMAIL;;;;;
SEGUIR EXATAMENTE A DESCRICAO DOS MATERIAIS ENVIADOS POR EMAIL;;;;;
SEGUIR EXATAMENTE A DESCRICAO ENVIADA POR EMAIL;;;;;
SEGUIR EXATAMENTE O  MODLEO ENVIADO POR EMAIL;;;;;
SEGUIR EXATAMENTE O LINK ENVIADO POR EMAIL;;;;;
SEGUIR EXATAMENTE O MODELO DO LINK ENVIADO POR EMIAL;;;;;
SEGUIR EXTAMENTE O LINK ENVIADO POR E;;;;;
SEGUIR LINK DO MATERIAL ENVIADO POR EMAIL;;;;;
SEGUIR LINK ENVIADO POR E;;;;;
SEGUIR LINK ENVIADO POR EMAIL;;;;;
SEGUIR LINK ENVIADO POR EMAIL. OBS: O LINK JA CONTEM AS 10 LAMPADAS;;;;;
SEGUIR MODELO DO LINK ENIADO POR EMAIL;;;;;
SEGUIR MODELO DO LINK ENVIADO POR E;;;;;
SEGUIR MODELO DO LINK ENVIADO POR EMAIL;;;;;
SEGUIR MODELO ENVIADO POR E;;;;;
SEGUIR MODELO ENVIADO POR EMAIL;;;;;
SEGUIR O EMAIL;;;;;
SEGUIR O EXEMPLO DO LINK ENVIADO POR E;;;;;
SEGUIR O LINK DO MATERIAL ENVIADO POR E;;;;;
SEGUIR O LINK DO MATERIAL ENVIADO POR EMAIL;;;;;
SEGUIR O LINK DO MATERIAL ENVIADO PORE EMAIL;;;;;
SEGUIR O LINK DO MODELO ABAIXO;;;;;
SEGUIR O MODELO DO LINK ENVIADO NO EMAIL;;;;;
SEGUIR O MODELO DO LINK ENVIADO PO REMAIL;;;;;
SEGUIR O MODELO DO LINK ENVIADO POR E;;;;;
SEGUIR O MODELO DO LINK ENVIADO POR EMAIL;;;;;
SEGUIR O MODELO DOS ITENS ENVIADOS POR EMAIL;;;;;
SEGUIR O MODELO DOS LINKS ENVIADOS POR E;;;;;
SEGUIR O MODELO E A QUANTIDADE DAS IMAGENS ENVIADOS POR EMAIL;;;;;
SEGUIR O MODELO ENVIADO POR E;;;;;
SEGUIR O MODELO ENVIADO POR EMAIL;;;;;
SEGUIR O MODLEO ENVIADO POR EMAIL;;;;;
SEGUIR O PADRAO DA FABRICA;;;;;
SEGUIR OS LINKS ENVIADOS POR E;;;;;
SEGURANCA BELVEDERE ( GRUPO MALTA);;;;;
SERA NECESSARIO REALIZAR O ORCAMENTO;;;;;
SERAO 20 PROLONGADORES;;;;;
SERVICO DE CONSERVCAO DO MOVEL;;;;;
SERVICO DE JARDINAGEM;;;;;
SERVICO DE LAVAGEM NA LOJA MATARAZZO;;;;;
SERVICO DE MAMORARIA;;;;;
SERVICO DE MONITORAMENTE CAMISARIA;;;;;
SERVICO DE MONITORAMENTO E SEGURNACA;;;;;
SERVICO DE MONITORAMENTO FABRICA;;;;;
SERVICO DE PROJETO E ASSESSORIA LUMINOTECNICO PARA A LOJA HIGIENOPOLIS;;;;;
SERVICO DE REMOCAO DOS LOGOS;;;;;
SERVICO DE SEGURANCA E VIGILANCIA DA FABRICA;;;;;
SERVICO DE SERRALHERIA;;;;;
SERVICO DE SERRALHERIA DO PHG;;;;;
SERVICO DE SERRALHERIA PARA A FACHADA;;;;;
SERVICO DE SERRALHERIA PARA O MEZANINO;;;;;
SERVICO DE VIGILANCIA BELVEDERE;;;;;
SERVICO DE ZELADORIA;;;;;
SERVICO PREDIAIS DA OBRA BRAVISSIMA;;;;;
SERVICO REFERENTE A INSTALACAO DE LEDS NO BACKLIGHT;;;;;
SERVICO REFERENTE A INSTALACAO DO PISO PORCELANATO COLORMIX;;;;;
SERVICO REFERENTE A INSTALACAO ELETRICA PARA MAQUINARIO;;;;;
SERVICO REFERENTE A LOCACAO DE CACAMBA PARA REMOCAO DE ENTULHO;;;;;
SERVICO REFERENTE A MANUTENCAO NOS LETREIROS DE ENTRADA;;;;;
SERVICO REFERENTE A REMOCAO DE ENTULHO;;;;;
SERVICO REFERENTE A VISITA EMERGENCIAL E SUBSTITUICAO DE LAMPADAS;;;;;
SERVICO REFERENTE AO JARDIM DE COSTELAS DE ADAO;;;;;
SERVICO REFERENTE LIMPEZA DE TODAS AS TELAS TENSIONADAS DA LOJA;;;;;
SERVICO REFERENTE PULVERIZACAO DE JARDIM;;;;;
SERVICO REFRENTE A TROCA DE LAMPADAS E FIXACAO DA ESCADA DO MEZANINO;;;;;
SHMV SERVICOS E CONSTRUCOES;;;;;
SHMV SERVICOS E CONSTRUCOES LTDA;;;;;
SIRLEI POS OBRA LTDA;;;;;
SOLICITACAO 12063 CANCELADA;;;;;
SOLICITACAO DE LOCACAO DE GERADOR PARA O DESLIGAMENTO DE ENERGIA PROGRAMADO;;;;;
SOLICITACAO DUPLICADA DA SOLICITACAO ORIGEM: 001 / 3206 / 27/11/2023;;;;;
SOLICITACAO REFERENTE A COBRANCA FIXA DA LIMPEZA DE VITRINE;;;;;
SOLICITACAO REFERENTE AS NFS 13890 E 13895;;;;;
SOLICITADO NOVA SOLICITACAO;;;;;
SOLICITAR APENAS O ORCAMENTO PARA MANDARMOS PARA  A  APROVACAO;;;;;
SOM DO BRAVISSIMA;;;;;
SONEX PARA MANUTENCAO DO SHOWROOM;;;;;
SONORITHA AUTOMACAO PREMIUM;;;;;
SONORITHA LTDA;;;;;
STUDIO LD ILUMINACAO;;;;;
STUDIO LD ILUMINACAO AUTOMACAO ELETRICA LTDA;;;;;
STUDIO LD SOLUCOES;;;;;
STUDIO LD SOLUCOES EM ILUMINACAO ELETRICA E AUTOMACAO LTDA;;;;;
SUBSTITUICAO DA SOL 8259;;;;;
SUBSTITUICAO DA SOLICITACAO 10014;;;;;
SUBSTITUICAO DA SOLICITACAO 10016;;;;;
SUBSTITUICAO DA SOLICITACAO 10026;;;;;
SUBSTITUICAO DA SOLICITACAO 10027;;;;;
SUBSTITUICAO DA SOLICITACAO 10028;;;;;
SUBSTITUICAO DAS LAMPADAS DE SALVADOR;;;;;
SUBSTITUICAO DE LAMPADAS EM 3 AREAS DA LOJA;;;;;
SUBSTITUICAO DE LAMPADAS EM SALVADOR;;;;;
SUBSTITUICAO DO ESPELHO DE ALPHAVILLE;;;;;
SUPORTE SERVICOS DE SEGURANCA;;;;;
SUPORTE SERVICOS DE SEGURANCA LTDA;;;;;
TAPETE PARA A CASA DO RICARDO;;;;;
TAPETE PARA O OUTLET;;;;;
TAPETE PARA SALA DO RICARDO;;;;;
TASSO EQUIPAMENTOS DE SEGURANCA LTDA;;;;;
TECIDOS PARA O MKT;;;;;
TEM QUE SER PARA PROTECAO DE SOL E CHUVA E TODO PRETO;;;;;
THIAGO VINICIUS DONADELLI;;;;;
TINTAS DARKA LTDA;;;;;
TK ELEVADORES;;;;;
TK ELEVADORES LTDA;;;;;
TODAS AS ESPECIFICACOES ENVIADAS POR EMAIL;;;;;
TODOS OS ITENS SERAO COMPRA, EXCETO: ILLY X2.2;;;;;
TOOLER SOLUCOES DIGITAIS;;;;;
TOOLER SOLUCOES DIGITAIS E INTERMEDIACAO DE SERVICOS LTDA;;;;;
TOTAL DO PEDIDO R$ 1.763,09;;;;;
TRILOGO AMLC;;;;;
TRILOGO RAI;;;;;
TRILOGO RLCP;;;;;
TRILOGO SCARFACE;;;;;
TRILOGO SPOCK;;;;;
TROCA DA BARRA ANTIPANICO DA PORTA CORTA;;;;;
TROCA DA VALVULA DO BEBEDOURO;;;;;
TROCA DE 2 VIDROS DANIFICADOS;;;;;
TROCA DE VIDROS E ESPELHOS DE RIBEIRAO;;;;;
TROCA DO VIDRO PRETO EM BASE;;;;;
TROCA DO VIDRO QUE ESTAVA DANIIFICADO;;;;;
TUBOS DE VIDRO  PARA O PATIO HIGIENOPOLIS;;;;;
UNIVERSO DA REFRIGERACAO LTDA;;;;;
URGENCIA;;;;;
UTILIZAR COMO REFERENCIA  A PLANILHA ENVIADA  POR EMAIL;;;;;
VAI EMITIR NF DE SERVICO;;;;;
VALOR DA NOTA R$ 6.140,03;;;;;
VAPORIZADOR DO BH SHOPPING ESTA DANIFICADO, FOI SOLICITADA A COMPRA DE UM NOVO;;;;;
VB MATERIAIS DE CONSTRUCAO LTDA;;;;;
VENCIMENTO 04/01/2024;;;;;
VENCIMENTO 06/03/2024;;;;;
VENCIMENTO 08/01;;;;;
VENCIMENTO 25/08;;;;;
VERIFICAR COM A LARISSA O FORNECEDOR;;;;;
VIDRO DA GUARITA;;;;;
VIDRO JA SE ENCONTRA EM PRODUCAO;;;;;
VILLA DA PINTURA;;;;;
VISITA TECNICA PARA MANUTENCAO DAS CAMERAS;;;;;
VR VIDROS LTDA;;;;;
WCS ARQUITETURA E ENGENHARIA LTDA;;;;;
WEZER C. SEVERINO;;;;;
WK PLANTAS & FLORES LTDA;;;;;
ZANELLIS INSTALACOES;;;;;
